[INFO] Scanning for projects...
[INFO] 
[INFO] ---------------------< com.danangairport:backend >----------------------
[INFO] Building backend 0.0.1-SNAPSHOT
[INFO]   from pom.xml
[INFO] --------------------------------[ jar ]---------------------------------
[INFO] 
[INFO] >>> spring-boot:3.5.0:run (default-cli) > test-compile @ backend >>>
[INFO] 
[INFO] --- resources:3.3.1:resources (default-resources) @ backend ---
[INFO] Copying 1 resource from src\main\resources to target\classes
[INFO] Copying 0 resource from src\main\resources to target\classes
[INFO] 
[INFO] --- compiler:3.14.0:compile (default-compile) @ backend ---
[INFO] Nothing to compile - all classes are up to date.
[INFO] 
[INFO] --- resources:3.3.1:testResources (default-testResources) @ backend ---
[INFO] skip non existing resourceDirectory D:\HK225\225DOANPHANMEM\HeThongTheoGioiChuyenBay\Backend\src\test\resources
[INFO] 
[INFO] --- compiler:3.14.0:testCompile (default-testCompile) @ backend ---
[INFO] No sources to compile
[INFO] 
[INFO] <<< spring-boot:3.5.0:run (default-cli) < test-compile @ backend <<<
[INFO] 
[INFO] 
[INFO] --- spring-boot:3.5.0:run (default-cli) @ backend ---
[INFO] Attaching agents: []

  .   ____          _            __ _ _
 /\\ / ___'_ __ _ _(_)_ __  __ _ \ \ \ \
( ( )\___ | '_ | '_| | '_ \/ _` | \ \ \ \
 \\/  ___)| |_)| | | | | || (_| |  ) ) ) )
  '  |____| .__|_| |_|_| |_\__, | / / / /
 =========|_|==============|___/=/_/_/_/

 :: Spring Boot ::                (v3.5.0)

2026-05-31T18:21:24.820+07:00  INFO 3972 --- [  restartedMain] com.danangairport.BackendApplication     : Starting BackendApplication using Java 23.0.2 with PID 3972 (D:\HK225\225DOANPHANMEM\HeThongTheoGioiChuyenBay\Backend\target\classes started by Le Viet Dat in D:\HK225\225DOANPHANMEM\HeThongTheoGioiChuyenBay\Backend)
2026-05-31T18:21:24.822+07:00  INFO 3972 --- [  restartedMain] com.danangairport.BackendApplication     : No active profile set, falling back to 1 default profile: "default"
2026-05-31T18:21:24.824+07:00 DEBUG 3972 --- [  restartedMain] o.s.boot.SpringApplication               : Loading source class com.danangairport.BackendApplication
2026-05-31T18:21:24.887+07:00 DEBUG 3972 --- [  restartedMain] o.s.b.devtools.restart.ChangeableUrls    : Matching URLs for reloading : [file:/D:/HK225/225DOANPHANMEM/HeThongTheoGioiChuyenBay/Backend/target/classes/]
2026-05-31T18:21:24.888+07:00 DEBUG 3972 --- [  restartedMain] o.s.b.d.settings.DevToolsSettings        : Included patterns for restart : []
2026-05-31T18:21:24.888+07:00 DEBUG 3972 --- [  restartedMain] o.s.b.d.settings.DevToolsSettings        : Excluded patterns for restart : [/spring-boot-starter-[\w-]+/, /spring-boot/(bin|build|out)/, /spring-boot-starter/(bin|build|out)/, /spring-boot-devtools/(bin|build|out)/, /spring-boot-actuator/(bin|build|out)/, /spring-boot-autoconfigure/(bin|build|out)/]
2026-05-31T18:21:24.889+07:00  INFO 3972 --- [  restartedMain] .e.DevToolsPropertyDefaultsPostProcessor : Devtools property defaults active! Set 'spring.devtools.add-properties' to 'false' to disable
2026-05-31T18:21:24.889+07:00  INFO 3972 --- [  restartedMain] .e.DevToolsPropertyDefaultsPostProcessor : For additional web related logging consider setting the 'logging.level.web' property to 'DEBUG'
2026-05-31T18:21:24.890+07:00 DEBUG 3972 --- [  restartedMain] ConfigServletWebServerApplicationContext : Refreshing org.springframework.boot.web.servlet.context.AnnotationConfigServletWebServerApplicationContext@44c0548
2026-05-31T18:21:25.665+07:00  INFO 3972 --- [  restartedMain] .s.d.r.c.RepositoryConfigurationDelegate : Bootstrapping Spring Data JPA repositories in DEFAULT mode.
2026-05-31T18:21:25.684+07:00 DEBUG 3972 --- [  restartedMain] o.s.b.a.AutoConfigurationPackages        : @EnableAutoConfiguration was declared on a class in the package 'com.danangairport'. Automatic @Repository and @Entity scanning is enabled.
2026-05-31T18:21:25.692+07:00  INFO 3972 --- [  restartedMain] .s.d.r.c.RepositoryConfigurationDelegate : Finished Spring Data repository scanning in 18 ms. Found 0 JPA repository interfaces.
2026-05-31T18:21:26.252+07:00 DEBUG 3972 --- [  restartedMain] .s.b.w.e.t.TomcatServletWebServerFactory : Code archive: C:\Users\Le Viet Dat\.m2\repository\org\springframework\boot\spring-boot\3.5.0\spring-boot-3.5.0.jar
2026-05-31T18:21:26.253+07:00 DEBUG 3972 --- [  restartedMain] .s.b.w.e.t.TomcatServletWebServerFactory : Code archive: C:\Users\Le Viet Dat\.m2\repository\org\springframework\boot\spring-boot\3.5.0\spring-boot-3.5.0.jar
2026-05-31T18:21:26.254+07:00 DEBUG 3972 --- [  restartedMain] .s.b.w.e.t.TomcatServletWebServerFactory : None of the document roots [src/main/webapp, public, static] point to a directory and will be ignored.
2026-05-31T18:21:26.388+07:00  INFO 3972 --- [  restartedMain] o.s.b.w.embedded.tomcat.TomcatWebServer  : Tomcat initialized with port 8080 (http)
2026-05-31T18:21:26.406+07:00  INFO 3972 --- [  restartedMain] o.apache.catalina.core.StandardService   : Starting service [Tomcat]
2026-05-31T18:21:26.407+07:00  INFO 3972 --- [  restartedMain] o.apache.catalina.core.StandardEngine    : Starting Servlet engine: [Apache Tomcat/10.1.41]
2026-05-31T18:21:26.466+07:00  INFO 3972 --- [  restartedMain] o.a.c.c.C.[Tomcat].[localhost].[/]       : Initializing Spring embedded WebApplicationContext
2026-05-31T18:21:26.467+07:00 DEBUG 3972 --- [  restartedMain] w.s.c.ServletWebServerApplicationContext : Published root WebApplicationContext as ServletContext attribute with name [org.springframework.web.context.WebApplicationContext.ROOT]
2026-05-31T18:21:26.468+07:00  INFO 3972 --- [  restartedMain] w.s.c.ServletWebServerApplicationContext : Root WebApplicationContext: initialization completed in 1578 ms
2026-05-31T18:21:26.489+07:00 DEBUG 3972 --- [  restartedMain] o.s.b.w.s.ServletContextInitializerBeans : Mapping filters: characterEncodingFilter urls=[/*] order=-2147483648, formContentFilter urls=[/*] order=-9900, requestContextFilter urls=[/*] order=-105
2026-05-31T18:21:26.489+07:00 DEBUG 3972 --- [  restartedMain] o.s.b.w.s.ServletContextInitializerBeans : Mapping servlets: dispatcherServlet urls=[/]
2026-05-31T18:21:26.515+07:00 DEBUG 3972 --- [  restartedMain] o.s.b.w.s.f.OrderedRequestContextFilter  : Filter 'requestContextFilter' configured for use
2026-05-31T18:21:26.517+07:00 DEBUG 3972 --- [  restartedMain] s.b.w.s.f.OrderedCharacterEncodingFilter : Filter 'characterEncodingFilter' configured for use
2026-05-31T18:21:26.518+07:00 DEBUG 3972 --- [  restartedMain] o.s.b.w.s.f.OrderedFormContentFilter     : Filter 'formContentFilter' configured for use
2026-05-31T18:21:26.685+07:00  INFO 3972 --- [  restartedMain] o.hibernate.jpa.internal.util.LogHelper  : HHH000204: Processing PersistenceUnitInfo [name: default]
2026-05-31T18:21:26.752+07:00  INFO 3972 --- [  restartedMain] org.hibernate.Version                    : HHH000412: Hibernate ORM core version 6.6.15.Final
2026-05-31T18:21:26.794+07:00  INFO 3972 --- [  restartedMain] o.h.c.internal.RegionFactoryInitiator    : HHH000026: Second-level cache disabled
2026-05-31T18:21:27.117+07:00  INFO 3972 --- [  restartedMain] o.s.o.j.p.SpringPersistenceUnitInfo      : No LoadTimeWeaver setup: ignoring JPA class transformer
2026-05-31T18:21:27.155+07:00  INFO 3972 --- [  restartedMain] com.zaxxer.hikari.HikariDataSource       : HikariPool-1 - Starting...
2026-05-31T18:21:27.613+07:00  INFO 3972 --- [  restartedMain] com.zaxxer.hikari.pool.HikariPool        : HikariPool-1 - Added connection ConnectionID:1 ClientConnectionId: a953ae2a-5020-41e9-bb0b-211132c4de29
2026-05-31T18:21:27.615+07:00  INFO 3972 --- [  restartedMain] com.zaxxer.hikari.HikariDataSource       : HikariPool-1 - Start completed.
2026-05-31T18:21:27.671+07:00  WARN 3972 --- [  restartedMain] org.hibernate.orm.deprecation            : HHH90000025: SQLServerDialect does not need to be specified explicitly using 'hibernate.dialect' (remove the property setting and it will be selected by default)
2026-05-31T18:21:27.699+07:00  INFO 3972 --- [  restartedMain] org.hibernate.orm.connections.pooling    : HHH10001005: Database info:
	Database JDBC URL [Connecting through datasource 'HikariDataSource (HikariPool-1)']
	Database driver: undefined/unknown
	Database version: 16.0
	Autocommit mode: undefined/unknown
	Isolation level: undefined/unknown
	Minimum pool size: undefined/unknown
	Maximum pool size: undefined/unknown
2026-05-31T18:21:28.075+07:00  INFO 3972 --- [  restartedMain] o.h.e.t.j.p.i.JtaPlatformInitiator       : HHH000489: No JTA platform available (set 'hibernate.transaction.jta.platform' to enable JTA platform integration)
2026-05-31T18:21:28.080+07:00  INFO 3972 --- [  restartedMain] j.LocalContainerEntityManagerFactoryBean : Initialized JPA EntityManagerFactory for persistence unit 'default'
2026-05-31T18:21:28.112+07:00 DEBUG 3972 --- [  restartedMain] o.s.jdbc.core.JdbcTemplate               : Executing SQL statement [IF OBJECT_ID('dbo.TAIKHOAN_KHOIPHUC_MATKHAU', 'U') IS NULL
BEGIN
    CREATE TABLE dbo.TAIKHOAN_KHOIPHUC_MATKHAU (
        MaYeuCau VARCHAR(20) NOT NULL PRIMARY KEY,
        MaTaiKhoan VARCHAR(10) NOT NULL,
        Email VARCHAR(50) NOT NULL,
        MaXacThuc VARCHAR(10) NOT NULL,
        TrangThaiYeuCau NVARCHAR(30) NOT NULL,
        ThoiGianYeuCau DATETIME NOT NULL CONSTRAINT DF_TKKPMK_ThoiGianYeuCau DEFAULT GETDATE(),
        ThoiGianHetHan DATETIME NOT NULL,
        ThoiGianSuDung DATETIME NULL,
        GhiChu NVARCHAR(200) NULL,
        CONSTRAINT FK_TKKPMK_TAIKHOAN FOREIGN KEY (MaTaiKhoan) REFERENCES dbo.TAIKHOAN(MaTaiKhoan)
    )
END
]
2026-05-31T18:21:28.311+07:00  WARN 3972 --- [  restartedMain] JpaBaseConfiguration$JpaWebConfiguration : spring.jpa.open-in-view is enabled by default. Therefore, database queries may be performed during view rendering. Explicitly configure spring.jpa.open-in-view to disable this warning
2026-05-31T18:21:28.451+07:00 DEBUG 3972 --- [  restartedMain] s.w.s.m.m.a.RequestMappingHandlerMapping : 99 mappings in 'requestMappingHandlerMapping'
2026-05-31T18:21:28.524+07:00 DEBUG 3972 --- [  restartedMain] o.s.w.s.handler.SimpleUrlHandlerMapping  : Patterns [/webjars/**, /**] in 'resourceHandlerMapping'
2026-05-31T18:21:28.553+07:00 DEBUG 3972 --- [  restartedMain] s.w.s.m.m.a.RequestMappingHandlerAdapter : ControllerAdvice beans: 0 @ModelAttribute, 0 @InitBinder, 1 RequestBodyAdvice, 1 ResponseBodyAdvice
2026-05-31T18:21:28.616+07:00 DEBUG 3972 --- [  restartedMain] .m.m.a.ExceptionHandlerExceptionResolver : ControllerAdvice beans: 1 @ExceptionHandler, 1 ResponseBodyAdvice
2026-05-31T18:21:28.797+07:00 DEBUG 3972 --- [  restartedMain] o.s.b.d.livereload.LiveReloadServer      : Starting live reload server on port 35729
2026-05-31T18:21:28.799+07:00  INFO 3972 --- [  restartedMain] o.s.b.d.a.OptionalLiveReloadServer       : LiveReload server is running on port 35729
2026-05-31T18:21:28.851+07:00  INFO 3972 --- [  restartedMain] o.s.b.w.embedded.tomcat.TomcatWebServer  : Tomcat started on port 8080 (http) with context path '/'
2026-05-31T18:21:28.875+07:00 DEBUG 3972 --- [  restartedMain] .s.b.a.l.ConditionEvaluationReportLogger : 


============================
CONDITIONS EVALUATION REPORT
============================


Positive matches:
-----------------

   AopAutoConfiguration matched:
      - @ConditionalOnBooleanProperty (spring.aop.auto=true) matched (OnPropertyCondition)

   AopAutoConfiguration.AspectJAutoProxyingConfiguration matched:
      - @ConditionalOnClass found required class 'org.aspectj.weaver.Advice' (OnClassCondition)

   AopAutoConfiguration.AspectJAutoProxyingConfiguration.CglibAutoProxyConfiguration matched:
      - @ConditionalOnBooleanProperty (spring.aop.proxy-target-class=true) matched (OnPropertyCondition)

   ApplicationAvailabilityAutoConfiguration#applicationAvailability matched:
      - @ConditionalOnMissingBean (types: org.springframework.boot.availability.ApplicationAvailability; SearchStrategy: all) did not find any beans (OnBeanCondition)

   DataSourceAutoConfiguration matched:
      - @ConditionalOnClass found required classes 'javax.sql.DataSource', 'org.springframework.jdbc.datasource.embedded.EmbeddedDatabaseType' (OnClassCondition)
      - @ConditionalOnMissingBean (types: ?; SearchStrategy: all) did not find any beans (OnBeanCondition)

   DataSourceAutoConfiguration.PooledDataSourceConfiguration matched:
      - AnyNestedCondition 1 matched 1 did not; NestedCondition on DataSourceAutoConfiguration.PooledDataSourceCondition.PooledDataSourceAvailable PooledDataSource found supported DataSource; NestedCondition on DataSourceAutoConfiguration.PooledDataSourceCondition.ExplicitType @ConditionalOnProperty (spring.datasource.type) did not find property 'spring.datasource.type' (DataSourceAutoConfiguration.PooledDataSourceCondition)
      - @ConditionalOnMissingBean (types: javax.sql.DataSource,javax.sql.XADataSource; SearchStrategy: all) did not find any beans (OnBeanCondition)

   DataSourceAutoConfiguration.PooledDataSourceConfiguration#jdbcConnectionDetails matched:
      - @ConditionalOnMissingBean (types: org.springframework.boot.autoconfigure.jdbc.JdbcConnectionDetails; SearchStrategy: all) did not find any beans (OnBeanCondition)

   DataSourceConfiguration.Hikari matched:
      - @ConditionalOnClass found required class 'com.zaxxer.hikari.HikariDataSource' (OnClassCondition)
      - @ConditionalOnProperty (spring.datasource.type=com.zaxxer.hikari.HikariDataSource) matched (OnPropertyCondition)
      - @ConditionalOnMissingBean (types: javax.sql.DataSource; SearchStrategy: all) did not find any beans (OnBeanCondition)

   DataSourceInitializationConfiguration matched:
      - @ConditionalOnClass found required class 'org.springframework.jdbc.datasource.init.DatabasePopulator' (OnClassCondition)
      - @ConditionalOnSingleCandidate (types: javax.sql.DataSource; SearchStrategy: all) found a single bean 'dataSource'; @ConditionalOnMissingBean (types: org.springframework.boot.autoconfigure.sql.init.SqlDataSourceScriptDatabaseInitializer,org.springframework.boot.autoconfigure.sql.init.SqlR2dbcScriptDatabaseInitializer; SearchStrategy: all) did not find any beans (OnBeanCondition)

   DataSourcePoolMetadataProvidersConfiguration.HikariPoolDataSourceMetadataProviderConfiguration matched:
      - @ConditionalOnClass found required class 'com.zaxxer.hikari.HikariDataSource' (OnClassCondition)

   DataSourceTransactionManagerAutoConfiguration matched:
      - @ConditionalOnClass found required classes 'javax.sql.DataSource', 'org.springframework.jdbc.core.JdbcTemplate', 'org.springframework.transaction.TransactionManager' (OnClassCondition)

   DataSourceTransactionManagerAutoConfiguration.JdbcTransactionManagerConfiguration matched:
      - @ConditionalOnSingleCandidate (types: javax.sql.DataSource; SearchStrategy: all) found a single bean 'dataSource' (OnBeanCondition)

   DevToolsDataSourceAutoConfiguration matched:
      - @ConditionalOnClass found required class 'javax.sql.DataSource' (OnClassCondition)
      - Devtools devtools enabled. (OnEnabledDevToolsCondition)
      - DevTools DataSource Condition found auto-configured DataSource (DevToolsDataSourceAutoConfiguration.DevToolsDataSourceCondition)

   DevToolsDataSourceAutoConfiguration.DatabaseShutdownExecutorEntityManagerFactoryDependsOnPostProcessor matched:
      - @ConditionalOnClass found required class 'org.springframework.orm.jpa.LocalContainerEntityManagerFactoryBean' (OnClassCondition)
      - @ConditionalOnBean (types: org.springframework.orm.jpa.AbstractEntityManagerFactoryBean; SearchStrategy: all) found bean '&entityManagerFactory' (OnBeanCondition)

   DispatcherServletAutoConfiguration matched:
      - @ConditionalOnClass found required class 'org.springframework.web.servlet.DispatcherServlet' (OnClassCondition)
      - found 'session' scope (OnWebApplicationCondition)

   DispatcherServletAutoConfiguration.DispatcherServletConfiguration matched:
      - @ConditionalOnClass found required class 'jakarta.servlet.ServletRegistration' (OnClassCondition)
      - Default DispatcherServlet did not find dispatcher servlet beans (DispatcherServletAutoConfiguration.DefaultDispatcherServletCondition)

   DispatcherServletAutoConfiguration.DispatcherServletRegistrationConfiguration matched:
      - @ConditionalOnClass found required class 'jakarta.servlet.ServletRegistration' (OnClassCondition)
      - DispatcherServlet Registration did not find servlet registration bean (DispatcherServletAutoConfiguration.DispatcherServletRegistrationCondition)

   DispatcherServletAutoConfiguration.DispatcherServletRegistrationConfiguration#dispatcherServletRegistration matched:
      - @ConditionalOnBean (names: dispatcherServlet types: org.springframework.web.servlet.DispatcherServlet; SearchStrategy: all) found bean 'dispatcherServlet' (OnBeanCondition)

   EmbeddedWebServerFactoryCustomizerAutoConfiguration matched:
      - @ConditionalOnWebApplication (required) found 'session' scope (OnWebApplicationCondition)
      - @ConditionalOnWarDeployment the application is not deployed as a WAR file. (OnWarDeploymentCondition)

   EmbeddedWebServerFactoryCustomizerAutoConfiguration.TomcatWebServerFactoryCustomizerConfiguration matched:
      - @ConditionalOnClass found required classes 'org.apache.catalina.startup.Tomcat', 'org.apache.coyote.UpgradeProtocol' (OnClassCondition)

   ErrorMvcAutoConfiguration matched:
      - @ConditionalOnClass found required classes 'jakarta.servlet.Servlet', 'org.springframework.web.servlet.DispatcherServlet' (OnClassCondition)
      - found 'session' scope (OnWebApplicationCondition)

   ErrorMvcAutoConfiguration#basicErrorController matched:
      - @ConditionalOnMissingBean (types: org.springframework.boot.web.servlet.error.ErrorController; SearchStrategy: current) did not find any beans (OnBeanCondition)

   ErrorMvcAutoConfiguration#errorAttributes matched:
      - @ConditionalOnMissingBean (types: org.springframework.boot.web.servlet.error.ErrorAttributes; SearchStrategy: current) did not find any beans (OnBeanCondition)

   ErrorMvcAutoConfiguration.DefaultErrorViewResolverConfiguration#conventionErrorViewResolver matched:
      - @ConditionalOnBean (types: org.springframework.web.servlet.DispatcherServlet; SearchStrategy: all) found bean 'dispatcherServlet'; @ConditionalOnMissingBean (types: org.springframework.boot.autoconfigure.web.servlet.error.ErrorViewResolver; SearchStrategy: all) did not find any beans (OnBeanCondition)

   ErrorMvcAutoConfiguration.WhitelabelErrorViewConfiguration matched:
      - @ConditionalOnBooleanProperty (server.error.whitelabel.enabled=true) matched (OnPropertyCondition)
      - ErrorTemplate Missing did not find error template view (ErrorMvcAutoConfiguration.ErrorTemplateMissingCondition)

   ErrorMvcAutoConfiguration.WhitelabelErrorViewConfiguration#beanNameViewResolver matched:
      - @ConditionalOnMissingBean (types: org.springframework.web.servlet.view.BeanNameViewResolver; SearchStrategy: all) did not find any beans (OnBeanCondition)

   ErrorMvcAutoConfiguration.WhitelabelErrorViewConfiguration#defaultErrorView matched:
      - @ConditionalOnMissingBean (names: error; SearchStrategy: all) did not find any beans (OnBeanCondition)

   GenericCacheConfiguration matched:
      - Cache org.springframework.boot.autoconfigure.cache.GenericCacheConfiguration automatic cache type (CacheCondition)

   HibernateJpaAutoConfiguration matched:
      - @ConditionalOnClass found required classes 'org.springframework.orm.jpa.LocalContainerEntityManagerFactoryBean', 'jakarta.persistence.EntityManager', 'org.hibernate.engine.spi.SessionImplementor' (OnClassCondition)

   HibernateJpaConfiguration matched:
      - @ConditionalOnSingleCandidate (types: javax.sql.DataSource; SearchStrategy: all) found a single bean 'dataSource' (OnBeanCondition)

   HttpClientAutoConfiguration matched:
      - @ConditionalOnClass found required class 'org.springframework.http.client.ClientHttpRequestFactory' (OnClassCondition)
      - NoneNestedConditions 0 matched 1 did not; NestedCondition on NotReactiveWebApplicationCondition.ReactiveWebApplication did not find reactive web application classes (NotReactiveWebApplicationCondition)

   HttpClientAutoConfiguration#clientHttpRequestFactoryBuilder matched:
      - @ConditionalOnMissingBean (types: org.springframework.boot.http.client.ClientHttpRequestFactoryBuilder<?>; SearchStrategy: all) did not find any beans (OnBeanCondition)

   HttpClientAutoConfiguration#clientHttpRequestFactorySettings matched:
      - @ConditionalOnMissingBean (types: org.springframework.boot.http.client.ClientHttpRequestFactorySettings; SearchStrategy: all) did not find any beans (OnBeanCondition)

   HttpEncodingAutoConfiguration matched:
      - @ConditionalOnClass found required class 'org.springframework.web.filter.CharacterEncodingFilter' (OnClassCondition)
      - found 'session' scope (OnWebApplicationCondition)
      - @ConditionalOnBooleanProperty (server.servlet.encoding.enabled=true) matched (OnPropertyCondition)

   HttpEncodingAutoConfiguration#characterEncodingFilter matched:
      - @ConditionalOnMissingBean (types: org.springframework.web.filter.CharacterEncodingFilter; SearchStrategy: all) did not find any beans (OnBeanCondition)

   HttpMessageConvertersAutoConfiguration matched:
      - @ConditionalOnClass found required class 'org.springframework.http.converter.HttpMessageConverter' (OnClassCondition)
      - NoneNestedConditions 0 matched 1 did not; NestedCondition on HttpMessageConvertersAutoConfiguration.NotReactiveWebApplicationCondition.ReactiveWebApplication did not find reactive web application classes (HttpMessageConvertersAutoConfiguration.NotReactiveWebApplicationCondition)

   HttpMessageConvertersAutoConfiguration#messageConverters matched:
      - @ConditionalOnMissingBean (types: org.springframework.boot.autoconfigure.http.HttpMessageConverters; SearchStrategy: all) did not find any beans (OnBeanCondition)

   HttpMessageConvertersAutoConfiguration.StringHttpMessageConverterConfiguration matched:
      - @ConditionalOnClass found required class 'org.springframework.http.converter.StringHttpMessageConverter' (OnClassCondition)

   HttpMessageConvertersAutoConfiguration.StringHttpMessageConverterConfiguration#stringHttpMessageConverter matched:
      - @ConditionalOnMissingBean (types: org.springframework.http.converter.StringHttpMessageConverter; SearchStrategy: all) did not find any beans (OnBeanCondition)

   JacksonAutoConfiguration matched:
      - @ConditionalOnClass found required class 'com.fasterxml.jackson.databind.ObjectMapper' (OnClassCondition)

   JacksonAutoConfiguration.Jackson2ObjectMapperBuilderCustomizerConfiguration matched:
      - @ConditionalOnClass found required class 'org.springframework.http.converter.json.Jackson2ObjectMapperBuilder' (OnClassCondition)

   JacksonAutoConfiguration.JacksonObjectMapperBuilderConfiguration matched:
      - @ConditionalOnClass found required class 'org.springframework.http.converter.json.Jackson2ObjectMapperBuilder' (OnClassCondition)

   JacksonAutoConfiguration.JacksonObjectMapperBuilderConfiguration#jacksonObjectMapperBuilder matched:
      - @ConditionalOnMissingBean (types: org.springframework.http.converter.json.Jackson2ObjectMapperBuilder; SearchStrategy: all) did not find any beans (OnBeanCondition)

   JacksonAutoConfiguration.JacksonObjectMapperConfiguration matched:
      - @ConditionalOnClass found required class 'org.springframework.http.converter.json.Jackson2ObjectMapperBuilder' (OnClassCondition)

   JacksonAutoConfiguration.JacksonObjectMapperConfiguration#jacksonObjectMapper matched:
      - @ConditionalOnMissingBean (types: com.fasterxml.jackson.databind.ObjectMapper; SearchStrategy: all) did not find any beans (OnBeanCondition)

   JacksonAutoConfiguration.ParameterNamesModuleConfiguration matched:
      - @ConditionalOnClass found required class 'com.fasterxml.jackson.module.paramnames.ParameterNamesModule' (OnClassCondition)

   JacksonAutoConfiguration.ParameterNamesModuleConfiguration#parameterNamesModule matched:
      - @ConditionalOnMissingBean (types: com.fasterxml.jackson.module.paramnames.ParameterNamesModule; SearchStrategy: all) did not find any beans (OnBeanCondition)

   JacksonHttpMessageConvertersConfiguration.MappingJackson2HttpMessageConverterConfiguration matched:
      - @ConditionalOnClass found required class 'com.fasterxml.jackson.databind.ObjectMapper' (OnClassCondition)
      - @ConditionalOnPreferredJsonMapper JACKSON no property was configured and Jackson is the default (OnPreferredJsonMapperCondition)
      - @ConditionalOnBean (types: com.fasterxml.jackson.databind.ObjectMapper; SearchStrategy: all) found bean 'jacksonObjectMapper' (OnBeanCondition)

   JacksonHttpMessageConvertersConfiguration.MappingJackson2HttpMessageConverterConfiguration#mappingJackson2HttpMessageConverter matched:
      - @ConditionalOnMissingBean (types: org.springframework.http.converter.json.MappingJackson2HttpMessageConverter ignored: ?; SearchStrategy: all) did not find any beans (OnBeanCondition)

   JdbcClientAutoConfiguration matched:
      - @ConditionalOnSingleCandidate (types: org.springframework.jdbc.core.namedparam.NamedParameterJdbcTemplate; SearchStrategy: all) found a single bean 'namedParameterJdbcTemplate'; @ConditionalOnMissingBean (types: org.springframework.jdbc.core.simple.JdbcClient; SearchStrategy: all) did not find any beans (OnBeanCondition)

   JdbcTemplateAutoConfiguration matched:
      - @ConditionalOnClass found required classes 'javax.sql.DataSource', 'org.springframework.jdbc.core.JdbcTemplate' (OnClassCondition)
      - @ConditionalOnSingleCandidate (types: javax.sql.DataSource; SearchStrategy: all) found a single bean 'dataSource' (OnBeanCondition)

   JdbcTemplateConfiguration matched:
      - @ConditionalOnMissingBean (types: org.springframework.jdbc.core.JdbcOperations; SearchStrategy: all) did not find any beans (OnBeanCondition)

   JpaBaseConfiguration#entityManagerFactory matched:
      - @ConditionalOnMissingBean (types: org.springframework.orm.jpa.LocalContainerEntityManagerFactoryBean,jakarta.persistence.EntityManagerFactory; SearchStrategy: all) did not find any beans (OnBeanCondition)

   JpaBaseConfiguration#entityManagerFactoryBuilder matched:
      - @ConditionalOnMissingBean (types: org.springframework.boot.orm.jpa.EntityManagerFactoryBuilder; SearchStrategy: all) did not find any beans (OnBeanCondition)

   JpaBaseConfiguration#jpaVendorAdapter matched:
      - @ConditionalOnMissingBean (types: org.springframework.orm.jpa.JpaVendorAdapter; SearchStrategy: all) did not find any beans (OnBeanCondition)

   JpaBaseConfiguration#transactionManager matched:
      - @ConditionalOnMissingBean (types: org.springframework.transaction.TransactionManager; SearchStrategy: all) did not find any beans (OnBeanCondition)

   JpaBaseConfiguration.JpaWebConfiguration matched:
      - @ConditionalOnClass found required class 'org.springframework.web.servlet.config.annotation.WebMvcConfigurer' (OnClassCondition)
      - found 'session' scope (OnWebApplicationCondition)
      - @ConditionalOnBooleanProperty (spring.jpa.open-in-view=true) matched (OnPropertyCondition)
      - @ConditionalOnMissingBean (types: org.springframework.orm.jpa.support.OpenEntityManagerInViewInterceptor,org.springframework.orm.jpa.support.OpenEntityManagerInViewFilter; SearchStrategy: all) did not find any beans (OnBeanCondition)

   JpaBaseConfiguration.PersistenceManagedTypesConfiguration matched:
      - @ConditionalOnMissingBean (types: org.springframework.orm.jpa.LocalContainerEntityManagerFactoryBean,jakarta.persistence.EntityManagerFactory; SearchStrategy: all) did not find any beans (OnBeanCondition)

   JpaBaseConfiguration.PersistenceManagedTypesConfiguration#persistenceManagedTypes matched:
      - @ConditionalOnMissingBean (types: org.springframework.orm.jpa.persistenceunit.PersistenceManagedTypes; SearchStrategy: all) did not find any beans (OnBeanCondition)

   JpaRepositoriesAutoConfiguration matched:
      - @ConditionalOnClass found required class 'org.springframework.data.jpa.repository.JpaRepository' (OnClassCondition)
      - @ConditionalOnBooleanProperty (spring.data.jpa.repositories.enabled=true) matched (OnPropertyCondition)
      - @ConditionalOnBean (types: javax.sql.DataSource; SearchStrategy: all) found bean 'dataSource'; @ConditionalOnMissingBean (types: org.springframework.data.jpa.repository.support.JpaRepositoryFactoryBean,org.springframework.data.jpa.repository.config.JpaRepositoryConfigExtension; SearchStrategy: all) did not find any beans (OnBeanCondition)

   JtaAutoConfiguration matched:
      - @ConditionalOnClass found required class 'jakarta.transaction.Transaction' (OnClassCondition)
      - @ConditionalOnBooleanProperty (spring.jta.enabled=true) matched (OnPropertyCondition)

   LifecycleAutoConfiguration#defaultLifecycleProcessor matched:
      - @ConditionalOnMissingBean (names: lifecycleProcessor; SearchStrategy: current) did not find any beans (OnBeanCondition)

   LocalDevToolsAutoConfiguration matched:
      - Initialized Restarter Condition available and initialized (OnInitializedRestarterCondition)

   LocalDevToolsAutoConfiguration.LiveReloadConfiguration matched:
      - @ConditionalOnBooleanProperty (spring.devtools.livereload.enabled=true) matched (OnPropertyCondition)

   LocalDevToolsAutoConfiguration.LiveReloadConfiguration#liveReloadServer matched:
      - @ConditionalOnMissingBean (types: org.springframework.boot.devtools.livereload.LiveReloadServer; SearchStrategy: all) did not find any beans (OnBeanCondition)

   LocalDevToolsAutoConfiguration.RestartConfiguration matched:
      - @ConditionalOnBooleanProperty (spring.devtools.restart.enabled=true) matched (OnPropertyCondition)

   LocalDevToolsAutoConfiguration.RestartConfiguration#classPathFileSystemWatcher matched:
      - @ConditionalOnMissingBean (types: org.springframework.boot.devtools.classpath.ClassPathFileSystemWatcher; SearchStrategy: all) did not find any beans (OnBeanCondition)

   LocalDevToolsAutoConfiguration.RestartConfiguration#classPathRestartStrategy matched:
      - @ConditionalOnMissingBean (types: org.springframework.boot.devtools.classpath.ClassPathRestartStrategy; SearchStrategy: all) did not find any beans (OnBeanCondition)

   LocalDevToolsAutoConfiguration.RestartConfiguration#conditionEvaluationDeltaLoggingListener matched:
      - @ConditionalOnBooleanProperty (spring.devtools.restart.log-condition-evaluation-delta=true) matched (OnPropertyCondition)

   MultipartAutoConfiguration matched:
      - @ConditionalOnClass found required classes 'jakarta.servlet.Servlet', 'org.springframework.web.multipart.support.StandardServletMultipartResolver', 'jakarta.servlet.MultipartConfigElement' (OnClassCondition)
      - found 'session' scope (OnWebApplicationCondition)
      - @ConditionalOnBooleanProperty (spring.servlet.multipart.enabled=true) matched (OnPropertyCondition)

   MultipartAutoConfiguration#multipartConfigElement matched:
      - @ConditionalOnMissingBean (types: jakarta.servlet.MultipartConfigElement; SearchStrategy: all) did not find any beans (OnBeanCondition)

   MultipartAutoConfiguration#multipartResolver matched:
      - @ConditionalOnMissingBean (types: org.springframework.web.multipart.MultipartResolver; SearchStrategy: all) did not find any beans (OnBeanCondition)

   NamedParameterJdbcTemplateConfiguration matched:
      - @ConditionalOnSingleCandidate (types: org.springframework.jdbc.core.JdbcTemplate; SearchStrategy: all) found a single bean 'jdbcTemplate'; @ConditionalOnMissingBean (types: org.springframework.jdbc.core.namedparam.NamedParameterJdbcOperations; SearchStrategy: all) did not find any beans (OnBeanCondition)

   NoOpCacheConfiguration matched:
      - Cache org.springframework.boot.autoconfigure.cache.NoOpCacheConfiguration automatic cache type (CacheCondition)

   PersistenceExceptionTranslationAutoConfiguration matched:
      - @ConditionalOnClass found required class 'org.springframework.dao.annotation.PersistenceExceptionTranslationPostProcessor' (OnClassCondition)

   PersistenceExceptionTranslationAutoConfiguration#persistenceExceptionTranslationPostProcessor matched:
      - @ConditionalOnBooleanProperty (spring.dao.exceptiontranslation.enabled=true) matched (OnPropertyCondition)
      - @ConditionalOnMissingBean (types: org.springframework.dao.annotation.PersistenceExceptionTranslationPostProcessor; SearchStrategy: all) did not find any beans (OnBeanCondition)

   PropertyPlaceholderAutoConfiguration#propertySourcesPlaceholderConfigurer matched:
      - @ConditionalOnMissingBean (types: org.springframework.context.support.PropertySourcesPlaceholderConfigurer; SearchStrategy: current) did not find any beans (OnBeanCondition)

   RestClientAutoConfiguration matched:
      - @ConditionalOnClass found required class 'org.springframework.web.client.RestClient' (OnClassCondition)
      - AnyNestedCondition 1 matched 1 did not; NestedCondition on NotReactiveWebApplicationOrVirtualThreadsExecutorEnabledCondition.VirtualThreadsExecutorEnabled found non-matching nested conditions @ConditionalOnThreading did not find VIRTUAL; NestedCondition on NotReactiveWebApplicationOrVirtualThreadsExecutorEnabledCondition.NotReactiveWebApplication NoneNestedConditions 0 matched 1 did not; NestedCondition on NotReactiveWebApplicationCondition.ReactiveWebApplication did not find reactive web application classes (NotReactiveWebApplicationOrVirtualThreadsExecutorEnabledCondition)

   RestClientAutoConfiguration#httpMessageConvertersRestClientCustomizer matched:
      - @ConditionalOnMissingBean (types: org.springframework.boot.autoconfigure.web.client.HttpMessageConvertersRestClientCustomizer; SearchStrategy: all) did not find any beans (OnBeanCondition)

   RestClientAutoConfiguration#restClientBuilder matched:
      - @ConditionalOnMissingBean (types: org.springframework.web.client.RestClient$Builder; SearchStrategy: all) did not find any beans (OnBeanCondition)

   RestClientAutoConfiguration#restClientBuilderConfigurer matched:
      - @ConditionalOnMissingBean (types: org.springframework.boot.autoconfigure.web.client.RestClientBuilderConfigurer; SearchStrategy: all) did not find any beans (OnBeanCondition)

   RestClientAutoConfiguration#restClientSsl matched:
      - @ConditionalOnBean (types: org.springframework.boot.ssl.SslBundles; SearchStrategy: all) found bean 'sslBundleRegistry'; @ConditionalOnMissingBean (types: org.springframework.boot.autoconfigure.web.client.RestClientSsl; SearchStrategy: all) did not find any beans (OnBeanCondition)

   RestTemplateAutoConfiguration matched:
      - @ConditionalOnClass found required class 'org.springframework.web.client.RestTemplate' (OnClassCondition)
      - NoneNestedConditions 0 matched 1 did not; NestedCondition on NotReactiveWebApplicationCondition.ReactiveWebApplication did not find reactive web application classes (NotReactiveWebApplicationCondition)

   RestTemplateAutoConfiguration#restTemplateBuilder matched:
      - @ConditionalOnMissingBean (types: org.springframework.boot.web.client.RestTemplateBuilder; SearchStrategy: all) did not find any beans (OnBeanCondition)

   ServletWebServerFactoryAutoConfiguration matched:
      - @ConditionalOnClass found required class 'jakarta.servlet.ServletRequest' (OnClassCondition)
      - found 'session' scope (OnWebApplicationCondition)

   ServletWebServerFactoryAutoConfiguration#tomcatServletWebServerFactoryCustomizer matched:
      - @ConditionalOnClass found required class 'org.apache.catalina.startup.Tomcat' (OnClassCondition)

   ServletWebServerFactoryConfiguration.EmbeddedTomcat matched:
      - @ConditionalOnClass found required classes 'jakarta.servlet.Servlet', 'org.apache.catalina.startup.Tomcat', 'org.apache.coyote.UpgradeProtocol' (OnClassCondition)
      - @ConditionalOnMissingBean (types: org.springframework.boot.web.servlet.server.ServletWebServerFactory; SearchStrategy: current) did not find any beans (OnBeanCondition)

   SimpleCacheConfiguration matched:
      - Cache org.springframework.boot.autoconfigure.cache.SimpleCacheConfiguration automatic cache type (CacheCondition)

   SpringDataWebAutoConfiguration matched:
      - @ConditionalOnClass found required classes 'org.springframework.data.web.PageableHandlerMethodArgumentResolver', 'org.springframework.web.servlet.config.annotation.WebMvcConfigurer' (OnClassCondition)
      - found 'session' scope (OnWebApplicationCondition)
      - @ConditionalOnMissingBean (types: org.springframework.data.web.PageableHandlerMethodArgumentResolver; SearchStrategy: all) did not find any beans (OnBeanCondition)

   SpringDataWebAutoConfiguration#pageableCustomizer matched:
      - @ConditionalOnMissingBean (types: org.springframework.data.web.config.PageableHandlerMethodArgumentResolverCustomizer; SearchStrategy: all) did not find any beans (OnBeanCondition)

   SpringDataWebAutoConfiguration#sortCustomizer matched:
      - @ConditionalOnMissingBean (types: org.springframework.data.web.config.SortHandlerMethodArgumentResolverCustomizer; SearchStrategy: all) did not find any beans (OnBeanCondition)

   SpringDataWebAutoConfiguration#springDataWebSettings matched:
      - @ConditionalOnMissingBean (types: org.springframework.data.web.config.SpringDataWebSettings; SearchStrategy: all) did not find any beans (OnBeanCondition)

   SqlInitializationAutoConfiguration matched:
      - @ConditionalOnBooleanProperty (spring.sql.init.enabled=true) matched (OnPropertyCondition)
      - NoneNestedConditions 0 matched 1 did not; NestedCondition on SqlInitializationAutoConfiguration.SqlInitializationModeCondition.ModeIsNever @ConditionalOnProperty (spring.sql.init.mode=never) did not find property 'spring.sql.init.mode' (SqlInitializationAutoConfiguration.SqlInitializationModeCondition)

   SslAutoConfiguration#sslBundleRegistry matched:
      - @ConditionalOnMissingBean (types: org.springframework.boot.ssl.SslBundleRegistry,org.springframework.boot.ssl.SslBundles; SearchStrategy: all) did not find any beans (OnBeanCondition)

   TaskExecutionAutoConfiguration matched:
      - @ConditionalOnClass found required class 'org.springframework.scheduling.concurrent.ThreadPoolTaskExecutor' (OnClassCondition)

   TaskExecutorConfigurations.AsyncConfigurerConfiguration matched:
      - @ConditionalOnMissingBean (types: org.springframework.scheduling.annotation.AsyncConfigurer; SearchStrategy: all) did not find any beans (OnBeanCondition)

   TaskExecutorConfigurations.AsyncConfigurerConfiguration#applicationTaskExecutorAsyncConfigurer matched:
      - @ConditionalOnMissingBean (types: org.springframework.scheduling.annotation.AsyncConfigurer; SearchStrategy: all) did not find any beans (OnBeanCondition)

   TaskExecutorConfigurations.SimpleAsyncTaskExecutorBuilderConfiguration#simpleAsyncTaskExecutorBuilder matched:
      - @ConditionalOnMissingBean (types: org.springframework.boot.task.SimpleAsyncTaskExecutorBuilder; SearchStrategy: all) did not find any beans (OnBeanCondition)
      - @ConditionalOnThreading found PLATFORM (OnThreadingCondition)

   TaskExecutorConfigurations.TaskExecutorConfiguration matched:
      - AnyNestedCondition 1 matched 1 did not; NestedCondition on TaskExecutorConfigurations.OnExecutorCondition.ModelCondition @ConditionalOnProperty (spring.task.execution.mode=force) did not find property 'spring.task.execution.mode'; NestedCondition on TaskExecutorConfigurations.OnExecutorCondition.ExecutorBeanCondition @ConditionalOnMissingBean (types: java.util.concurrent.Executor; SearchStrategy: all) did not find any beans (TaskExecutorConfigurations.OnExecutorCondition)

   TaskExecutorConfigurations.TaskExecutorConfiguration#applicationTaskExecutor matched:
      - @ConditionalOnThreading found PLATFORM (OnThreadingCondition)

   TaskExecutorConfigurations.ThreadPoolTaskExecutorBuilderConfiguration#threadPoolTaskExecutorBuilder matched:
      - @ConditionalOnMissingBean (types: org.springframework.boot.task.ThreadPoolTaskExecutorBuilder; SearchStrategy: all) did not find any beans (OnBeanCondition)

   TaskSchedulingAutoConfiguration matched:
      - @ConditionalOnClass found required class 'org.springframework.scheduling.concurrent.ThreadPoolTaskScheduler' (OnClassCondition)

   TaskSchedulingConfigurations.SimpleAsyncTaskSchedulerBuilderConfiguration#simpleAsyncTaskSchedulerBuilder matched:
      - @ConditionalOnMissingBean (types: org.springframework.boot.task.SimpleAsyncTaskSchedulerBuilder; SearchStrategy: all) did not find any beans (OnBeanCondition)
      - @ConditionalOnThreading found PLATFORM (OnThreadingCondition)

   TaskSchedulingConfigurations.ThreadPoolTaskSchedulerBuilderConfiguration#threadPoolTaskSchedulerBuilder matched:
      - @ConditionalOnMissingBean (types: org.springframework.boot.task.ThreadPoolTaskSchedulerBuilder; SearchStrategy: all) did not find any beans (OnBeanCondition)

   TransactionAutoConfiguration matched:
      - @ConditionalOnClass found required class 'org.springframework.transaction.PlatformTransactionManager' (OnClassCondition)

   TransactionAutoConfiguration.EnableTransactionManagementConfiguration matched:
      - @ConditionalOnBean (types: org.springframework.transaction.TransactionManager; SearchStrategy: all) found bean 'transactionManager'; @ConditionalOnMissingBean (types: org.springframework.transaction.annotation.AbstractTransactionManagementConfiguration; SearchStrategy: all) did not find any beans (OnBeanCondition)

   TransactionAutoConfiguration.EnableTransactionManagementConfiguration.CglibAutoProxyConfiguration matched:
      - @ConditionalOnBooleanProperty (spring.aop.proxy-target-class=true) matched (OnPropertyCondition)

   TransactionAutoConfiguration.TransactionTemplateConfiguration matched:
      - @ConditionalOnSingleCandidate (types: org.springframework.transaction.PlatformTransactionManager; SearchStrategy: all) found a single bean 'transactionManager' (OnBeanCondition)

   TransactionAutoConfiguration.TransactionTemplateConfiguration#transactionTemplate matched:
      - @ConditionalOnMissingBean (types: org.springframework.transaction.support.TransactionOperations; SearchStrategy: all) did not find any beans (OnBeanCondition)

   TransactionManagerCustomizationAutoConfiguration matched:
      - @ConditionalOnClass found required class 'org.springframework.transaction.PlatformTransactionManager' (OnClassCondition)

   TransactionManagerCustomizationAutoConfiguration#platformTransactionManagerCustomizers matched:
      - @ConditionalOnMissingBean (types: org.springframework.boot.autoconfigure.transaction.TransactionManagerCustomizers; SearchStrategy: all) did not find any beans (OnBeanCondition)

   ValidationAutoConfiguration matched:
      - @ConditionalOnClass found required class 'jakarta.validation.executable.ExecutableValidator' (OnClassCondition)
      - @ConditionalOnResource found location classpath:META-INF/services/jakarta.validation.spi.ValidationProvider (OnResourceCondition)

   ValidationAutoConfiguration#defaultValidator matched:
      - @ConditionalOnMissingBean (types: jakarta.validation.Validator; SearchStrategy: all) did not find any beans (OnBeanCondition)

   ValidationAutoConfiguration#methodValidationPostProcessor matched:
      - @ConditionalOnMissingBean (types: org.springframework.validation.beanvalidation.MethodValidationPostProcessor; SearchStrategy: current) did not find any beans (OnBeanCondition)

   WebMvcAutoConfiguration matched:
      - @ConditionalOnClass found required classes 'jakarta.servlet.Servlet', 'org.springframework.web.servlet.DispatcherServlet', 'org.springframework.web.servlet.config.annotation.WebMvcConfigurer' (OnClassCondition)
      - found 'session' scope (OnWebApplicationCondition)
      - @ConditionalOnMissingBean (types: org.springframework.web.servlet.config.annotation.WebMvcConfigurationSupport; SearchStrategy: all) did not find any beans (OnBeanCondition)

   WebMvcAutoConfiguration#formContentFilter matched:
      - @ConditionalOnBooleanProperty (spring.mvc.formcontent.filter.enabled=true) matched (OnPropertyCondition)
      - @ConditionalOnMissingBean (types: org.springframework.web.filter.FormContentFilter; SearchStrategy: all) did not find any beans (OnBeanCondition)

   WebMvcAutoConfiguration.EnableWebMvcConfiguration#flashMapManager matched:
      - @ConditionalOnMissingBean (names: flashMapManager; SearchStrategy: all) did not find any beans (OnBeanCondition)

   WebMvcAutoConfiguration.EnableWebMvcConfiguration#localeResolver matched:
      - @ConditionalOnMissingBean (names: localeResolver; SearchStrategy: all) did not find any beans (OnBeanCondition)

   WebMvcAutoConfiguration.EnableWebMvcConfiguration#themeResolver matched:
      - @ConditionalOnMissingBean (names: themeResolver; SearchStrategy: all) did not find any beans (OnBeanCondition)

   WebMvcAutoConfiguration.EnableWebMvcConfiguration#viewNameTranslator matched:
      - @ConditionalOnMissingBean (names: viewNameTranslator; SearchStrategy: all) did not find any beans (OnBeanCondition)

   WebMvcAutoConfiguration.WebMvcAutoConfigurationAdapter#defaultViewResolver matched:
      - @ConditionalOnMissingBean (types: org.springframework.web.servlet.view.InternalResourceViewResolver; SearchStrategy: all) did not find any beans (OnBeanCondition)

   WebMvcAutoConfiguration.WebMvcAutoConfigurationAdapter#requestContextFilter matched:
      - @ConditionalOnMissingBean (types: org.springframework.web.context.request.RequestContextListener,org.springframework.web.filter.RequestContextFilter; SearchStrategy: all) did not find any beans (OnBeanCondition)

   WebMvcAutoConfiguration.WebMvcAutoConfigurationAdapter#viewResolver matched:
      - @ConditionalOnBean (types: org.springframework.web.servlet.ViewResolver; SearchStrategy: all) found beans 'defaultViewResolver', 'beanNameViewResolver', 'mvcViewResolver'; @ConditionalOnMissingBean (names: viewResolver types: org.springframework.web.servlet.view.ContentNegotiatingViewResolver; SearchStrategy: all) did not find any beans (OnBeanCondition)

   WebSocketServletAutoConfiguration matched:
      - @ConditionalOnClass found required classes 'jakarta.servlet.Servlet', 'jakarta.websocket.server.ServerContainer' (OnClassCondition)
      - found 'session' scope (OnWebApplicationCondition)

   WebSocketServletAutoConfiguration.TomcatWebSocketConfiguration matched:
      - @ConditionalOnClass found required classes 'org.apache.catalina.startup.Tomcat', 'org.apache.tomcat.websocket.server.WsSci' (OnClassCondition)

   WebSocketServletAutoConfiguration.TomcatWebSocketConfiguration#websocketServletWebServerCustomizer matched:
      - @ConditionalOnMissingBean (names: websocketServletWebServerCustomizer; SearchStrategy: all) did not find any beans (OnBeanCondition)


Negative matches:
-----------------

   ActiveMQAutoConfiguration:
      Did not match:
         - @ConditionalOnClass did not find required class 'jakarta.jms.ConnectionFactory' (OnClassCondition)

   AopAutoConfiguration.AspectJAutoProxyingConfiguration.JdkDynamicAutoProxyConfiguration:
      Did not match:
         - @ConditionalOnBooleanProperty (spring.aop.proxy-target-class=false) did not find property 'spring.aop.proxy-target-class' (OnPropertyCondition)

   AopAutoConfiguration.ClassProxyingConfiguration:
      Did not match:
         - @ConditionalOnMissingClass found unwanted class 'org.aspectj.weaver.Advice' (OnClassCondition)

   ArtemisAutoConfiguration:
      Did not match:
         - @ConditionalOnClass did not find required class 'jakarta.jms.ConnectionFactory' (OnClassCondition)

   BatchAutoConfiguration:
      Did not match:
         - @ConditionalOnClass did not find required class 'org.springframework.batch.core.launch.JobLauncher' (OnClassCondition)

   Cache2kCacheConfiguration:
      Did not match:
         - @ConditionalOnClass did not find required class 'org.cache2k.Cache2kBuilder' (OnClassCondition)

   CacheAutoConfiguration:
      Did not match:
         - @ConditionalOnBean (types: org.springframework.cache.interceptor.CacheAspectSupport; SearchStrategy: all) did not find any beans of type org.springframework.cache.interceptor.CacheAspectSupport (OnBeanCondition)
      Matched:
         - @ConditionalOnClass found required class 'org.springframework.cache.CacheManager' (OnClassCondition)

   CacheAutoConfiguration.CacheManagerEntityManagerFactoryDependsOnPostProcessor:
      Did not match:
         - Ancestor org.springframework.boot.autoconfigure.cache.CacheAutoConfiguration did not match (ConditionEvaluationReport.AncestorsMatchedCondition)
      Matched:
         - @ConditionalOnClass found required class 'org.springframework.orm.jpa.LocalContainerEntityManagerFactoryBean' (OnClassCondition)

   CaffeineCacheConfiguration:
      Did not match:
         - @ConditionalOnClass did not find required class 'com.github.benmanes.caffeine.cache.Caffeine' (OnClassCondition)

   CassandraAutoConfiguration:
      Did not match:
         - @ConditionalOnClass did not find required class 'com.datastax.oss.driver.api.core.CqlSession' (OnClassCondition)

   CassandraDataAutoConfiguration:
      Did not match:
         - @ConditionalOnClass did not find required class 'com.datastax.oss.driver.api.core.CqlSession' (OnClassCondition)

   CassandraReactiveDataAutoConfiguration:
      Did not match:
         - @ConditionalOnClass did not find required class 'com.datastax.oss.driver.api.core.CqlSession' (OnClassCondition)

   CassandraReactiveRepositoriesAutoConfiguration:
      Did not match:
         - @ConditionalOnClass did not find required class 'org.springframework.data.cassandra.ReactiveSession' (OnClassCondition)

   CassandraRepositoriesAutoConfiguration:
      Did not match:
         - @ConditionalOnClass did not find required class 'com.datastax.oss.driver.api.core.CqlSession' (OnClassCondition)

   org.springframework.boot.autoconfigure.http.client.reactive.ClientHttpConnectorAutoConfiguration:
      Did not match:
         - @ConditionalOnClass did not find required class 'reactor.core.publisher.Mono' (OnClassCondition)

   org.springframework.boot.autoconfigure.web.reactive.function.client.ClientHttpConnectorAutoConfiguration:
      Did not match:
         - @ConditionalOnClass did not find required class 'org.springframework.web.reactive.function.client.WebClient' (OnClassCondition)

   CodecsAutoConfiguration:
      Did not match:
         - @ConditionalOnClass did not find required class 'org.springframework.web.reactive.function.client.WebClient' (OnClassCondition)

   CouchbaseAutoConfiguration:
      Did not match:
         - @ConditionalOnClass did not find required class 'com.couchbase.client.java.Cluster' (OnClassCondition)

   CouchbaseCacheConfiguration:
      Did not match:
         - @ConditionalOnClass did not find required class 'com.couchbase.client.java.Cluster' (OnClassCondition)

   CouchbaseDataAutoConfiguration:
      Did not match:
         - @ConditionalOnClass did not find required class 'com.couchbase.client.java.Bucket' (OnClassCondition)

   CouchbaseReactiveDataAutoConfiguration:
      Did not match:
         - @ConditionalOnClass did not find required class 'com.couchbase.client.java.Cluster' (OnClassCondition)

   CouchbaseReactiveRepositoriesAutoConfiguration:
      Did not match:
         - @ConditionalOnClass did not find required class 'com.couchbase.client.java.Cluster' (OnClassCondition)

   CouchbaseRepositoriesAutoConfiguration:
      Did not match:
         - @ConditionalOnClass did not find required class 'com.couchbase.client.java.Bucket' (OnClassCondition)

   DataSourceAutoConfiguration.EmbeddedDatabaseConfiguration:
      Did not match:
         - EmbeddedDataSource spring.datasource.url is set (DataSourceAutoConfiguration.EmbeddedDatabaseCondition)

   DataSourceCheckpointRestoreConfiguration:
      Did not match:
         - @ConditionalOnClass did not find required class 'org.crac.Resource' (OnClassCondition)

   DataSourceConfiguration.Dbcp2:
      Did not match:
         - @ConditionalOnClass did not find required class 'org.apache.commons.dbcp2.BasicDataSource' (OnClassCondition)

   DataSourceConfiguration.Generic:
      Did not match:
         - @ConditionalOnProperty (spring.datasource.type) did not find property 'spring.datasource.type' (OnPropertyCondition)

   DataSourceConfiguration.OracleUcp:
      Did not match:
         - @ConditionalOnClass did not find required classes 'oracle.ucp.jdbc.PoolDataSourceImpl', 'oracle.jdbc.OracleConnection' (OnClassCondition)

   DataSourceConfiguration.Tomcat:
      Did not match:
         - @ConditionalOnClass did not find required class 'org.apache.tomcat.jdbc.pool.DataSource' (OnClassCondition)

   DataSourceJmxConfiguration:
      Did not match:
         - @ConditionalOnBooleanProperty (spring.jmx.enabled=true) did not find property 'spring.jmx.enabled' (OnPropertyCondition)

   DataSourcePoolMetadataProvidersConfiguration.CommonsDbcp2PoolDataSourceMetadataProviderConfiguration:
      Did not match:
         - @ConditionalOnClass did not find required class 'org.apache.commons.dbcp2.BasicDataSource' (OnClassCondition)

   DataSourcePoolMetadataProvidersConfiguration.OracleUcpPoolDataSourceMetadataProviderConfiguration:
      Did not match:
         - @ConditionalOnClass did not find required classes 'oracle.ucp.jdbc.PoolDataSource', 'oracle.jdbc.OracleConnection' (OnClassCondition)

   DataSourcePoolMetadataProvidersConfiguration.TomcatDataSourcePoolMetadataProviderConfiguration:
      Did not match:
         - @ConditionalOnClass did not find required class 'org.apache.tomcat.jdbc.pool.DataSource' (OnClassCondition)

   DataSourceTransactionManagerAutoConfiguration.JdbcTransactionManagerConfiguration#transactionManager:
      Did not match:
         - @ConditionalOnMissingBean (types: org.springframework.transaction.TransactionManager; SearchStrategy: all) found beans of type 'org.springframework.transaction.TransactionManager' transactionManager (OnBeanCondition)

   DevToolsR2dbcAutoConfiguration:
      Did not match:
         - @ConditionalOnClass did not find required class 'io.r2dbc.spi.ConnectionFactory' (OnClassCondition)

   DispatcherServletAutoConfiguration.DispatcherServletConfiguration#multipartResolver:
      Did not match:
         - @ConditionalOnBean (types: org.springframework.web.multipart.MultipartResolver; SearchStrategy: all) did not find any beans of type org.springframework.web.multipart.MultipartResolver (OnBeanCondition)

   ElasticsearchClientAutoConfiguration:
      Did not match:
         - @ConditionalOnClass did not find required class 'co.elastic.clients.elasticsearch.ElasticsearchClient' (OnClassCondition)

   ElasticsearchDataAutoConfiguration:
      Did not match:
         - @ConditionalOnClass did not find required class 'org.springframework.data.elasticsearch.client.elc.ElasticsearchTemplate' (OnClassCondition)

   ElasticsearchRepositoriesAutoConfiguration:
      Did not match:
         - @ConditionalOnClass did not find required class 'org.springframework.data.elasticsearch.repository.ElasticsearchRepository' (OnClassCondition)

   ElasticsearchRestClientAutoConfiguration:
      Did not match:
         - @ConditionalOnClass did not find required class 'org.elasticsearch.client.RestClientBuilder' (OnClassCondition)

   EmbeddedLdapAutoConfiguration:
      Did not match:
         - @ConditionalOnClass did not find required class 'com.unboundid.ldap.listener.InMemoryDirectoryServer' (OnClassCondition)

   EmbeddedWebServerFactoryCustomizerAutoConfiguration.JettyWebServerFactoryCustomizerConfiguration:
      Did not match:
         - @ConditionalOnClass did not find required classes 'org.eclipse.jetty.server.Server', 'org.eclipse.jetty.util.Loader', 'org.eclipse.jetty.ee10.webapp.WebAppContext' (OnClassCondition)

   EmbeddedWebServerFactoryCustomizerAutoConfiguration.NettyWebServerFactoryCustomizerConfiguration:
      Did not match:
         - @ConditionalOnClass did not find required class 'reactor.netty.http.server.HttpServer' (OnClassCondition)

   EmbeddedWebServerFactoryCustomizerAutoConfiguration.TomcatWebServerFactoryCustomizerConfiguration#tomcatVirtualThreadsProtocolHandlerCustomizer:
      Did not match:
         - @ConditionalOnThreading did not find VIRTUAL (OnThreadingCondition)

   EmbeddedWebServerFactoryCustomizerAutoConfiguration.UndertowWebServerFactoryCustomizerConfiguration:
      Did not match:
         - @ConditionalOnClass did not find required classes 'io.undertow.Undertow', 'org.xnio.SslClientAuthMode' (OnClassCondition)

   ErrorWebFluxAutoConfiguration:
      Did not match:
         - @ConditionalOnClass did not find required class 'org.springframework.web.reactive.config.WebFluxConfigurer' (OnClassCondition)

   FlywayAutoConfiguration:
      Did not match:
         - @ConditionalOnClass did not find required class 'org.flywaydb.core.Flyway' (OnClassCondition)

   FreeMarkerAutoConfiguration:
      Did not match:
         - @ConditionalOnClass did not find required class 'freemarker.template.Configuration' (OnClassCondition)

   GraphQlAutoConfiguration:
      Did not match:
         - @ConditionalOnClass did not find required class 'graphql.GraphQL' (OnClassCondition)

   GraphQlQueryByExampleAutoConfiguration:
      Did not match:
         - @ConditionalOnClass did not find required class 'graphql.GraphQL' (OnClassCondition)

   GraphQlQuerydslAutoConfiguration:
      Did not match:
         - @ConditionalOnClass did not find required class 'com.querydsl.core.Query' (OnClassCondition)

   GraphQlRSocketAutoConfiguration:
      Did not match:
         - @ConditionalOnClass did not find required class 'graphql.GraphQL' (OnClassCondition)

   GraphQlReactiveQueryByExampleAutoConfiguration:
      Did not match:
         - @ConditionalOnClass did not find required class 'graphql.GraphQL' (OnClassCondition)

   GraphQlReactiveQuerydslAutoConfiguration:
      Did not match:
         - @ConditionalOnClass did not find required class 'com.querydsl.core.Query' (OnClassCondition)

   GraphQlWebFluxAutoConfiguration:
      Did not match:
         - @ConditionalOnClass did not find required class 'graphql.GraphQL' (OnClassCondition)

   GraphQlWebFluxSecurityAutoConfiguration:
      Did not match:
         - @ConditionalOnClass did not find required class 'graphql.GraphQL' (OnClassCondition)

   GraphQlWebMvcAutoConfiguration:
      Did not match:
         - @ConditionalOnClass did not find required class 'graphql.GraphQL' (OnClassCondition)

   GraphQlWebMvcSecurityAutoConfiguration:
      Did not match:
         - @ConditionalOnClass did not find required class 'graphql.GraphQL' (OnClassCondition)

   GroovyTemplateAutoConfiguration:
      Did not match:
         - @ConditionalOnClass did not find required class 'groovy.text.markup.MarkupTemplateEngine' (OnClassCondition)

   GsonAutoConfiguration:
      Did not match:
         - @ConditionalOnClass did not find required class 'com.google.gson.Gson' (OnClassCondition)

   GsonHttpMessageConvertersConfiguration:
      Did not match:
         - @ConditionalOnClass did not find required class 'com.google.gson.Gson' (OnClassCondition)

   H2ConsoleAutoConfiguration:
      Did not match:
         - @ConditionalOnClass did not find required class 'org.h2.server.web.JakartaWebServlet' (OnClassCondition)

   HazelcastAutoConfiguration:
      Did not match:
         - @ConditionalOnClass did not find required class 'com.hazelcast.core.HazelcastInstance' (OnClassCondition)

   HazelcastCacheConfiguration:
      Did not match:
         - @ConditionalOnClass did not find required class 'com.hazelcast.core.HazelcastInstance' (OnClassCondition)

   HazelcastJpaDependencyAutoConfiguration:
      Did not match:
         - @ConditionalOnClass did not find required class 'com.hazelcast.core.HazelcastInstance' (OnClassCondition)

   HttpHandlerAutoConfiguration:
      Did not match:
         - @ConditionalOnClass did not find required class 'org.springframework.web.reactive.DispatcherHandler' (OnClassCondition)

   HypermediaAutoConfiguration:
      Did not match:
         - @ConditionalOnClass did not find required class 'org.springframework.hateoas.EntityModel' (OnClassCondition)

   InfinispanCacheConfiguration:
      Did not match:
         - @ConditionalOnClass did not find required class 'org.infinispan.spring.embedded.provider.SpringEmbeddedCacheManager' (OnClassCondition)

   IntegrationAutoConfiguration:
      Did not match:
         - @ConditionalOnClass did not find required class 'org.springframework.integration.config.EnableIntegration' (OnClassCondition)

   JCacheCacheConfiguration:
      Did not match:
         - @ConditionalOnClass did not find required class 'javax.cache.Caching' (OnClassCondition)

   JacksonHttpMessageConvertersConfiguration.MappingJackson2XmlHttpMessageConverterConfiguration:
      Did not match:
         - @ConditionalOnClass did not find required class 'com.fasterxml.jackson.dataformat.xml.XmlMapper' (OnClassCondition)

   JdbcRepositoriesAutoConfiguration:
      Did not match:
         - @ConditionalOnClass did not find required class 'org.springframework.data.jdbc.repository.config.AbstractJdbcConfiguration' (OnClassCondition)

   JerseyAutoConfiguration:
      Did not match:
         - @ConditionalOnClass did not find required class 'org.glassfish.jersey.server.spring.SpringComponentProvider' (OnClassCondition)

   JmsAutoConfiguration:
      Did not match:
         - @ConditionalOnClass did not find required class 'jakarta.jms.Message' (OnClassCondition)

   JmxAutoConfiguration:
      Did not match:
         - @ConditionalOnBooleanProperty (spring.jmx.enabled=true) did not find property 'spring.jmx.enabled' (OnPropertyCondition)
      Matched:
         - @ConditionalOnClass found required class 'org.springframework.jmx.export.MBeanExporter' (OnClassCondition)

   JndiConnectionFactoryAutoConfiguration:
      Did not match:
         - @ConditionalOnClass did not find required class 'org.springframework.jms.core.JmsTemplate' (OnClassCondition)

   JndiDataSourceAutoConfiguration:
      Did not match:
         - @ConditionalOnProperty (spring.datasource.jndi-name) did not find property 'spring.datasource.jndi-name' (OnPropertyCondition)
      Matched:
         - @ConditionalOnClass found required classes 'javax.sql.DataSource', 'org.springframework.jdbc.datasource.embedded.EmbeddedDatabaseType' (OnClassCondition)

   JndiJtaConfiguration:
      Did not match:
         - @ConditionalOnJndi JNDI environment is not available (OnJndiCondition)
      Matched:
         - @ConditionalOnClass found required class 'org.springframework.transaction.jta.JtaTransactionManager' (OnClassCondition)

   JooqAutoConfiguration:
      Did not match:
         - @ConditionalOnClass did not find required class 'org.jooq.DSLContext' (OnClassCondition)

   JpaRepositoriesAutoConfiguration#entityManagerFactoryBootstrapExecutorCustomizer:
      Did not match:
         - AnyNestedCondition 0 matched 2 did not; NestedCondition on JpaRepositoriesAutoConfiguration.BootstrapExecutorCondition.LazyBootstrapMode @ConditionalOnProperty (spring.data.jpa.repositories.bootstrap-mode=lazy) did not find property 'spring.data.jpa.repositories.bootstrap-mode'; NestedCondition on JpaRepositoriesAutoConfiguration.BootstrapExecutorCondition.DeferredBootstrapMode @ConditionalOnProperty (spring.data.jpa.repositories.bootstrap-mode=deferred) did not find property 'spring.data.jpa.repositories.bootstrap-mode' (JpaRepositoriesAutoConfiguration.BootstrapExecutorCondition)

   JsonbAutoConfiguration:
      Did not match:
         - @ConditionalOnClass did not find required class 'jakarta.json.bind.Jsonb' (OnClassCondition)

   JsonbHttpMessageConvertersConfiguration:
      Did not match:
         - @ConditionalOnClass did not find required class 'jakarta.json.bind.Jsonb' (OnClassCondition)

   KafkaAutoConfiguration:
      Did not match:
         - @ConditionalOnClass did not find required class 'org.springframework.kafka.core.KafkaTemplate' (OnClassCondition)

   LdapAutoConfiguration:
      Did not match:
         - @ConditionalOnClass did not find required class 'org.springframework.ldap.core.ContextSource' (OnClassCondition)

   LdapRepositoriesAutoConfiguration:
      Did not match:
         - @ConditionalOnClass did not find required class 'org.springframework.data.ldap.repository.LdapRepository' (OnClassCondition)

   LiquibaseAutoConfiguration:
      Did not match:
         - @ConditionalOnClass did not find required class 'liquibase.change.DatabaseChange' (OnClassCondition)

   MailSenderAutoConfiguration:
      Did not match:
         - @ConditionalOnClass did not find required class 'jakarta.mail.internet.MimeMessage' (OnClassCondition)

   MailSenderValidatorAutoConfiguration:
      Did not match:
         - @ConditionalOnSingleCandidate did not find required type 'org.springframework.mail.javamail.JavaMailSenderImpl' (OnBeanCondition)

   MessageSourceAutoConfiguration:
      Did not match:
         - ResourceBundle did not find bundle with basename messages (MessageSourceAutoConfiguration.ResourceBundleCondition)

   MongoAutoConfiguration:
      Did not match:
         - @ConditionalOnClass did not find required class 'com.mongodb.client.MongoClient' (OnClassCondition)

   MongoDataAutoConfiguration:
      Did not match:
         - @ConditionalOnClass did not find required class 'com.mongodb.client.MongoClient' (OnClassCondition)

   MongoReactiveAutoConfiguration:
      Did not match:
         - @ConditionalOnClass did not find required class 'com.mongodb.reactivestreams.client.MongoClient' (OnClassCondition)

   MongoReactiveDataAutoConfiguration:
      Did not match:
         - @ConditionalOnClass did not find required class 'com.mongodb.reactivestreams.client.MongoClient' (OnClassCondition)

   MongoReactiveRepositoriesAutoConfiguration:
      Did not match:
         - @ConditionalOnClass did not find required class 'com.mongodb.reactivestreams.client.MongoClient' (OnClassCondition)

   MongoRepositoriesAutoConfiguration:
      Did not match:
         - @ConditionalOnClass did not find required class 'com.mongodb.client.MongoClient' (OnClassCondition)

   MustacheAutoConfiguration:
      Did not match:
         - @ConditionalOnClass did not find required class 'com.samskivert.mustache.Mustache' (OnClassCondition)

   Neo4jAutoConfiguration:
      Did not match:
         - @ConditionalOnClass did not find required class 'org.neo4j.driver.Driver' (OnClassCondition)

   Neo4jDataAutoConfiguration:
      Did not match:
         - @ConditionalOnClass did not find required class 'org.neo4j.driver.Driver' (OnClassCondition)

   Neo4jReactiveDataAutoConfiguration:
      Did not match:
         - @ConditionalOnClass did not find required class 'org.neo4j.driver.Driver' (OnClassCondition)

   Neo4jReactiveRepositoriesAutoConfiguration:
      Did not match:
         - @ConditionalOnClass did not find required class 'org.neo4j.driver.Driver' (OnClassCondition)

   Neo4jRepositoriesAutoConfiguration:
      Did not match:
         - @ConditionalOnClass did not find required class 'org.neo4j.driver.Driver' (OnClassCondition)

   NettyAutoConfiguration:
      Did not match:
         - @ConditionalOnClass did not find required class 'io.netty.util.NettyRuntime' (OnClassCondition)

   OAuth2AuthorizationServerAutoConfiguration:
      Did not match:
         - @ConditionalOnClass did not find required class 'org.springframework.security.oauth2.server.authorization.OAuth2Authorization' (OnClassCondition)

   OAuth2AuthorizationServerJwtAutoConfiguration:
      Did not match:
         - @ConditionalOnClass did not find required class 'com.nimbusds.jose.jwk.source.JWKSource' (OnClassCondition)

   OAuth2ClientAutoConfiguration:
      Did not match:
         - @ConditionalOnClass did not find required class 'org.springframework.security.oauth2.client.registration.ClientRegistration' (OnClassCondition)

   OAuth2ClientWebSecurityAutoConfiguration:
      Did not match:
         - @ConditionalOnClass did not find required class 'org.springframework.security.config.annotation.web.configuration.EnableWebSecurity' (OnClassCondition)

   OAuth2ResourceServerAutoConfiguration:
      Did not match:
         - @ConditionalOnClass did not find required class 'org.springframework.security.oauth2.server.resource.authentication.BearerTokenAuthenticationToken' (OnClassCondition)

   ProjectInfoAutoConfiguration#buildProperties:
      Did not match:
         - @ConditionalOnResource did not find resource '${spring.info.build.location:classpath:META-INF/build-info.properties}' (OnResourceCondition)

   ProjectInfoAutoConfiguration#gitProperties:
      Did not match:
         - GitResource did not find git info at classpath:git.properties (ProjectInfoAutoConfiguration.GitResourceAvailableCondition)

   PulsarAutoConfiguration:
      Did not match:
         - @ConditionalOnClass did not find required class 'org.apache.pulsar.client.api.PulsarClient' (OnClassCondition)

   PulsarReactiveAutoConfiguration:
      Did not match:
         - @ConditionalOnClass did not find required class 'org.apache.pulsar.client.api.PulsarClient' (OnClassCondition)

   QuartzAutoConfiguration:
      Did not match:
         - @ConditionalOnClass did not find required class 'org.quartz.Scheduler' (OnClassCondition)

   R2dbcAutoConfiguration:
      Did not match:
         - @ConditionalOnClass did not find required class 'io.r2dbc.spi.ConnectionFactory' (OnClassCondition)

   R2dbcDataAutoConfiguration:
      Did not match:
         - @ConditionalOnClass did not find required class 'org.springframework.data.r2dbc.core.R2dbcEntityTemplate' (OnClassCondition)

   R2dbcInitializationConfiguration:
      Did not match:
         - @ConditionalOnClass did not find required classes 'io.r2dbc.spi.ConnectionFactory', 'org.springframework.r2dbc.connection.init.DatabasePopulator' (OnClassCondition)

   R2dbcProxyAutoConfiguration:
      Did not match:
         - @ConditionalOnClass did not find required class 'io.r2dbc.proxy.ProxyConnectionFactory' (OnClassCondition)

   R2dbcRepositoriesAutoConfiguration:
      Did not match:
         - @ConditionalOnClass did not find required class 'io.r2dbc.spi.ConnectionFactory' (OnClassCondition)

   R2dbcTransactionManagerAutoConfiguration:
      Did not match:
         - @ConditionalOnClass did not find required class 'org.springframework.r2dbc.connection.R2dbcTransactionManager' (OnClassCondition)

   RSocketGraphQlClientAutoConfiguration:
      Did not match:
         - @ConditionalOnClass did not find required class 'graphql.GraphQL' (OnClassCondition)

   RSocketMessagingAutoConfiguration:
      Did not match:
         - @ConditionalOnClass did not find required class 'io.rsocket.RSocket' (OnClassCondition)

   RSocketRequesterAutoConfiguration:
      Did not match:
         - @ConditionalOnClass did not find required class 'io.rsocket.RSocket' (OnClassCondition)

   RSocketSecurityAutoConfiguration:
      Did not match:
         - @ConditionalOnClass did not find required class 'org.springframework.security.rsocket.core.SecuritySocketAcceptorInterceptor' (OnClassCondition)

   RSocketServerAutoConfiguration:
      Did not match:
         - @ConditionalOnClass did not find required class 'io.rsocket.core.RSocketServer' (OnClassCondition)

   RSocketStrategiesAutoConfiguration:
      Did not match:
         - @ConditionalOnClass did not find required class 'io.netty.buffer.PooledByteBufAllocator' (OnClassCondition)

   RabbitAutoConfiguration:
      Did not match:
         - @ConditionalOnClass did not find required class 'com.rabbitmq.client.Channel' (OnClassCondition)

   ReactiveElasticsearchClientAutoConfiguration:
      Did not match:
         - @ConditionalOnClass did not find required class 'co.elastic.clients.transport.ElasticsearchTransport' (OnClassCondition)

   ReactiveElasticsearchRepositoriesAutoConfiguration:
      Did not match:
         - @ConditionalOnClass did not find required class 'reactor.core.publisher.Mono' (OnClassCondition)

   ReactiveMultipartAutoConfiguration:
      Did not match:
         - @ConditionalOnClass did not find required class 'org.springframework.web.reactive.config.WebFluxConfigurer' (OnClassCondition)

   ReactiveOAuth2ClientAutoConfiguration:
      Did not match:
         - @ConditionalOnClass did not find required class 'reactor.core.publisher.Flux' (OnClassCondition)

   ReactiveOAuth2ClientWebSecurityAutoConfiguration:
      Did not match:
         - @ConditionalOnClass did not find required class 'reactor.core.publisher.Flux' (OnClassCondition)

   ReactiveOAuth2ResourceServerAutoConfiguration:
      Did not match:
         - @ConditionalOnClass did not find required class 'org.springframework.security.config.annotation.web.reactive.EnableWebFluxSecurity' (OnClassCondition)

   ReactiveSecurityAutoConfiguration:
      Did not match:
         - @ConditionalOnClass did not find required class 'reactor.core.publisher.Flux' (OnClassCondition)

   ReactiveUserDetailsServiceAutoConfiguration:
      Did not match:
         - @ConditionalOnClass did not find required class 'org.springframework.security.authentication.ReactiveAuthenticationManager' (OnClassCondition)

   ReactiveWebServerFactoryAutoConfiguration:
      Did not match:
         - @ConditionalOnWebApplication did not find reactive web application classes (OnWebApplicationCondition)

   ReactorAutoConfiguration:
      Did not match:
         - @ConditionalOnClass did not find required class 'reactor.core.publisher.Hooks' (OnClassCondition)

   RedisAutoConfiguration:
      Did not match:
         - @ConditionalOnClass did not find required class 'org.springframework.data.redis.core.RedisOperations' (OnClassCondition)

   RedisCacheConfiguration:
      Did not match:
         - @ConditionalOnClass did not find required class 'org.springframework.data.redis.connection.RedisConnectionFactory' (OnClassCondition)

   RedisReactiveAutoConfiguration:
      Did not match:
         - @ConditionalOnClass did not find required class 'reactor.core.publisher.Flux' (OnClassCondition)

   RedisRepositoriesAutoConfiguration:
      Did not match:
         - @ConditionalOnClass did not find required class 'org.springframework.data.redis.repository.configuration.EnableRedisRepositories' (OnClassCondition)

   RemoteDevToolsAutoConfiguration:
      Did not match:
         - @ConditionalOnProperty (spring.devtools.remote.secret) did not find property 'spring.devtools.remote.secret' (OnPropertyCondition)
      Matched:
         - @ConditionalOnClass found required classes 'jakarta.servlet.Filter', 'org.springframework.http.server.ServerHttpRequest' (OnClassCondition)

   RepositoryRestMvcAutoConfiguration:
      Did not match:
         - @ConditionalOnClass did not find required class 'org.springframework.data.rest.webmvc.config.RepositoryRestMvcConfiguration' (OnClassCondition)

   Saml2RelyingPartyAutoConfiguration:
      Did not match:
         - @ConditionalOnClass did not find required class 'org.springframework.security.saml2.provider.service.registration.RelyingPartyRegistrationRepository' (OnClassCondition)

   SecurityAutoConfiguration:
      Did not match:
         - @ConditionalOnClass did not find required class 'org.springframework.security.authentication.DefaultAuthenticationEventPublisher' (OnClassCondition)

   SecurityFilterAutoConfiguration:
      Did not match:
         - @ConditionalOnClass did not find required class 'org.springframework.security.config.http.SessionCreationPolicy' (OnClassCondition)

   SendGridAutoConfiguration:
      Did not match:
         - @ConditionalOnClass did not find required class 'com.sendgrid.SendGrid' (OnClassCondition)

   ServletWebServerFactoryAutoConfiguration.ForwardedHeaderFilterConfiguration:
      Did not match:
         - @ConditionalOnProperty (server.forward-headers-strategy=framework) did not find property 'server.forward-headers-strategy' (OnPropertyCondition)

   ServletWebServerFactoryConfiguration.EmbeddedJetty:
      Did not match:
         - @ConditionalOnClass did not find required classes 'org.eclipse.jetty.server.Server', 'org.eclipse.jetty.util.Loader', 'org.eclipse.jetty.ee10.webapp.WebAppContext' (OnClassCondition)

   ServletWebServerFactoryConfiguration.EmbeddedUndertow:
      Did not match:
         - @ConditionalOnClass did not find required classes 'io.undertow.Undertow', 'org.xnio.SslClientAuthMode' (OnClassCondition)

   SessionAutoConfiguration:
      Did not match:
         - @ConditionalOnClass did not find required class 'org.springframework.session.Session' (OnClassCondition)

   SpringApplicationAdminJmxAutoConfiguration:
      Did not match:
         - @ConditionalOnBooleanProperty (spring.application.admin.enabled=true) did not find property 'spring.application.admin.enabled' (OnPropertyCondition)

   TaskExecutorConfigurations.SimpleAsyncTaskExecutorBuilderConfiguration#simpleAsyncTaskExecutorBuilderVirtualThreads:
      Did not match:
         - @ConditionalOnMissingBean (types: org.springframework.boot.task.SimpleAsyncTaskExecutorBuilder; SearchStrategy: all) found beans of type 'org.springframework.boot.task.SimpleAsyncTaskExecutorBuilder' simpleAsyncTaskExecutorBuilder (OnBeanCondition)

   TaskExecutorConfigurations.TaskExecutorConfiguration#applicationTaskExecutorVirtualThreads:
      Did not match:
         - @ConditionalOnThreading did not find VIRTUAL (OnThreadingCondition)

   TaskSchedulingAutoConfiguration#scheduledBeanLazyInitializationExcludeFilter:
      Did not match:
         - @ConditionalOnBean (names: org.springframework.context.annotation.internalScheduledAnnotationProcessor; SearchStrategy: all) did not find any beans named org.springframework.context.annotation.internalScheduledAnnotationProcessor (OnBeanCondition)

   TaskSchedulingConfigurations.SimpleAsyncTaskSchedulerBuilderConfiguration#simpleAsyncTaskSchedulerBuilderVirtualThreads:
      Did not match:
         - @ConditionalOnMissingBean (types: org.springframework.boot.task.SimpleAsyncTaskSchedulerBuilder; SearchStrategy: all) found beans of type 'org.springframework.boot.task.SimpleAsyncTaskSchedulerBuilder' simpleAsyncTaskSchedulerBuilder (OnBeanCondition)

   TaskSchedulingConfigurations.TaskSchedulerConfiguration:
      Did not match:
         - @ConditionalOnBean (names: org.springframework.context.annotation.internalScheduledAnnotationProcessor; SearchStrategy: all) did not find any beans named org.springframework.context.annotation.internalScheduledAnnotationProcessor (OnBeanCondition)

   ThymeleafAutoConfiguration:
      Did not match:
         - @ConditionalOnClass did not find required class 'org.thymeleaf.spring6.SpringTemplateEngine' (OnClassCondition)

   TransactionAutoConfiguration#transactionalOperator:
      Did not match:
         - @ConditionalOnSingleCandidate (types: org.springframework.transaction.ReactiveTransactionManager; SearchStrategy: all) did not find any beans (OnBeanCondition)

   TransactionAutoConfiguration.AspectJTransactionManagementConfiguration:
      Did not match:
         - @ConditionalOnBean (types: org.springframework.transaction.aspectj.AbstractTransactionAspect; SearchStrategy: all) did not find any beans of type org.springframework.transaction.aspectj.AbstractTransactionAspect (OnBeanCondition)

   TransactionAutoConfiguration.EnableTransactionManagementConfiguration.JdkDynamicAutoProxyConfiguration:
      Did not match:
         - @ConditionalOnBooleanProperty (spring.aop.proxy-target-class=false) did not find property 'spring.aop.proxy-target-class' (OnPropertyCondition)

   UserDetailsServiceAutoConfiguration:
      Did not match:
         - @ConditionalOnClass did not find required class 'org.springframework.security.authentication.AuthenticationManager' (OnClassCondition)

   WebClientAutoConfiguration:
      Did not match:
         - @ConditionalOnClass did not find required class 'org.springframework.web.reactive.function.client.WebClient' (OnClassCondition)

   WebFluxAutoConfiguration:
      Did not match:
         - @ConditionalOnClass did not find required class 'org.springframework.web.reactive.config.WebFluxConfigurer' (OnClassCondition)

   WebMvcAutoConfiguration#hiddenHttpMethodFilter:
      Did not match:
         - @ConditionalOnBooleanProperty (spring.mvc.hiddenmethod.filter.enabled=true) did not find property 'spring.mvc.hiddenmethod.filter.enabled' (OnPropertyCondition)

   WebMvcAutoConfiguration.ProblemDetailsErrorHandlingConfiguration:
      Did not match:
         - @ConditionalOnBooleanProperty (spring.mvc.problemdetails.enabled=true) did not find property 'spring.mvc.problemdetails.enabled' (OnPropertyCondition)

   WebMvcAutoConfiguration.ResourceChainCustomizerConfiguration:
      Did not match:
         - @ConditionalOnEnabledResourceChain did not find class org.webjars.WebJarVersionLocator (OnEnabledResourceChainCondition)

   WebMvcAutoConfiguration.WebMvcAutoConfigurationAdapter#beanNameViewResolver:
      Did not match:
         - @ConditionalOnMissingBean (types: org.springframework.web.servlet.view.BeanNameViewResolver; SearchStrategy: all) found beans of type 'org.springframework.web.servlet.view.BeanNameViewResolver' beanNameViewResolver (OnBeanCondition)

   WebServiceTemplateAutoConfiguration:
      Did not match:
         - @ConditionalOnClass did not find required class 'org.springframework.oxm.Marshaller' (OnClassCondition)

   WebServicesAutoConfiguration:
      Did not match:
         - @ConditionalOnClass did not find required class 'org.springframework.ws.transport.http.MessageDispatcherServlet' (OnClassCondition)

   WebSessionIdResolverAutoConfiguration:
      Did not match:
         - @ConditionalOnClass did not find required class 'reactor.core.publisher.Mono' (OnClassCondition)

   WebSocketMessagingAutoConfiguration:
      Did not match:
         - @ConditionalOnClass did not find required class 'org.springframework.web.socket.config.annotation.WebSocketMessageBrokerConfigurer' (OnClassCondition)

   WebSocketReactiveAutoConfiguration:
      Did not match:
         - @ConditionalOnWebApplication did not find reactive web application classes (OnWebApplicationCondition)

   WebSocketServletAutoConfiguration.JettyWebSocketConfiguration:
      Did not match:
         - @ConditionalOnClass did not find required class 'org.eclipse.jetty.ee10.websocket.jakarta.server.config.JakartaWebSocketServletContainerInitializer' (OnClassCondition)

   WebSocketServletAutoConfiguration.UndertowWebSocketConfiguration:
      Did not match:
         - @ConditionalOnClass did not find required class 'io.undertow.websockets.jsr.Bootstrap' (OnClassCondition)

   XADataSourceAutoConfiguration:
      Did not match:
         - @ConditionalOnBean (types: org.springframework.boot.jdbc.XADataSourceWrapper; SearchStrategy: all) did not find any beans of type org.springframework.boot.jdbc.XADataSourceWrapper (OnBeanCondition)
      Matched:
         - @ConditionalOnClass found required classes 'javax.sql.DataSource', 'jakarta.transaction.TransactionManager', 'org.springframework.jdbc.datasource.embedded.EmbeddedDatabaseType' (OnClassCondition)


Exclusions:
-----------

    None


Unconditional classes:
----------------------

    org.springframework.boot.autoconfigure.context.ConfigurationPropertiesAutoConfiguration

    org.springframework.boot.autoconfigure.ssl.SslAutoConfiguration

    org.springframework.boot.autoconfigure.context.LifecycleAutoConfiguration

    org.springframework.boot.autoconfigure.context.PropertyPlaceholderAutoConfiguration

    org.springframework.boot.autoconfigure.availability.ApplicationAvailabilityAutoConfiguration

    org.springframework.boot.autoconfigure.info.ProjectInfoAutoConfiguration



2026-05-31T18:21:28.879+07:00  INFO 3972 --- [  restartedMain] com.danangairport.BackendApplication     : Started BackendApplication in 4.704 seconds (process running for 5.256)
2026-05-31T18:21:28.881+07:00 DEBUG 3972 --- [  restartedMain] o.s.b.a.ApplicationAvailabilityBean      : Application availability state LivenessState changed to CORRECT
2026-05-31T18:21:28.883+07:00 DEBUG 3972 --- [  restartedMain] o.s.boot.devtools.restart.Restarter      : Creating new Restarter for thread Thread[#1,main,5,main]
2026-05-31T18:21:28.883+07:00 DEBUG 3972 --- [  restartedMain] o.s.boot.devtools.restart.Restarter      : Immediately restarting application
2026-05-31T18:21:28.883+07:00 DEBUG 3972 --- [  restartedMain] o.s.boot.devtools.restart.Restarter      : Starting application com.danangairport.BackendApplication with URLs [file:/D:/HK225/225DOANPHANMEM/HeThongTheoGioiChuyenBay/Backend/target/classes/]
2026-05-31T18:21:28.883+07:00 DEBUG 3972 --- [  restartedMain] o.s.b.a.ApplicationAvailabilityBean      : Application availability state ReadinessState changed to ACCEPTING_TRAFFIC
2026-05-31T18:21:45.352+07:00  INFO 3972 --- [nio-8080-exec-1] o.a.c.c.C.[Tomcat].[localhost].[/]       : Initializing Spring DispatcherServlet 'dispatcherServlet'
2026-05-31T18:21:45.352+07:00  INFO 3972 --- [nio-8080-exec-1] o.s.web.servlet.DispatcherServlet        : Initializing Servlet 'dispatcherServlet'
2026-05-31T18:21:45.354+07:00 DEBUG 3972 --- [nio-8080-exec-1] o.s.web.servlet.DispatcherServlet        : Detected StandardServletMultipartResolver
2026-05-31T18:21:45.354+07:00 DEBUG 3972 --- [nio-8080-exec-1] o.s.web.servlet.DispatcherServlet        : Detected AcceptHeaderLocaleResolver
2026-05-31T18:21:45.355+07:00 DEBUG 3972 --- [nio-8080-exec-1] o.s.web.servlet.DispatcherServlet        : Detected FixedThemeResolver
2026-05-31T18:21:45.355+07:00 DEBUG 3972 --- [nio-8080-exec-1] o.s.web.servlet.DispatcherServlet        : Detected org.springframework.web.servlet.view.DefaultRequestToViewNameTranslator@7f8745a4
2026-05-31T18:21:45.356+07:00 DEBUG 3972 --- [nio-8080-exec-1] o.s.web.servlet.DispatcherServlet        : Detected org.springframework.web.servlet.support.SessionFlashMapManager@3394b03a
2026-05-31T18:21:45.357+07:00 DEBUG 3972 --- [nio-8080-exec-1] o.s.web.servlet.DispatcherServlet        : enableLoggingRequestDetails='false': request parameters and headers will be masked to prevent unsafe logging of potentially sensitive data
2026-05-31T18:21:45.357+07:00  INFO 3972 --- [nio-8080-exec-1] o.s.web.servlet.DispatcherServlet        : Completed initialization in 3 ms
2026-05-31T18:21:45.364+07:00 DEBUG 3972 --- [nio-8080-exec-1] o.s.web.servlet.DispatcherServlet        : GET "/api/health", parameters={}
2026-05-31T18:21:45.377+07:00 DEBUG 3972 --- [nio-8080-exec-1] s.w.s.m.m.a.RequestMappingHandlerMapping : Mapped to com.danangairport.controller.HealthController#health()
2026-05-31T18:21:45.441+07:00 DEBUG 3972 --- [nio-8080-exec-1] m.m.a.RequestResponseBodyMethodProcessor : Using 'text/plain', given [*/*] and supported [text/plain, */*, application/json, application/*+json]
2026-05-31T18:21:45.442+07:00 DEBUG 3972 --- [nio-8080-exec-1] m.m.a.RequestResponseBodyMethodProcessor : Writing ["Backend k?t n?i thành công"]
2026-05-31T18:21:45.449+07:00 DEBUG 3972 --- [nio-8080-exec-1] o.s.web.servlet.DispatcherServlet        : Completed 200 OK
2026-05-31T18:21:59.371+07:00 DEBUG 3972 --- [nio-8080-exec-5] o.s.web.servlet.DispatcherServlet        : GET "/api/customer/notifications", parameters={}
2026-05-31T18:21:59.372+07:00 DEBUG 3972 --- [nio-8080-exec-5] s.w.s.m.m.a.RequestMappingHandlerMapping : Mapped to com.danangairport.controller.CustomerFlightController#layThongBao(List)
2026-05-31T18:21:59.381+07:00 DEBUG 3972 --- [nio-8080-exec-5] o.s.jdbc.core.JdbcTemplate               : Executing prepared SQL query
2026-05-31T18:21:59.382+07:00 DEBUG 3972 --- [nio-8080-exec-5] o.s.jdbc.core.JdbcTemplate               : Executing prepared SQL statement [SELECT TOP 50
    tb.MaThongBao,
    cb.SoHieuChuyenBay,
    lt.MaLichTrinh,
    tb.NoiDungThongBao,
    tb.TrangThaiMoi,
    tb.ThoiGianGui
FROM THONGBAO tb
JOIN LICHTRINH lt ON tb.MaLichTrinh = lt.MaLichTrinh
JOIN CHUYENBAY cb ON lt.MaChuyenBay = cb.MaChuyenBay
WHERE lt.TrangThaiHienTai <> ?
 ORDER BY tb.ThoiGianGui DESC]
2026-05-31T18:21:59.437+07:00 DEBUG 3972 --- [nio-8080-exec-5] m.m.a.RequestResponseBodyMethodProcessor : Using 'application/json', given [*/*] and supported [application/json, application/*+json]
2026-05-31T18:21:59.441+07:00 DEBUG 3972 --- [nio-8080-exec-5] m.m.a.RequestResponseBodyMethodProcessor : Writing [[CustomerNotificationDto[id=TB01, flightNo=VN101, maLichTrinh=LT001, title=Cap nhat chuyen bay VN101 (truncated)...]
2026-05-31T18:21:59.480+07:00 DEBUG 3972 --- [nio-8080-exec-5] o.s.web.servlet.DispatcherServlet        : Completed 200 OK
2026-05-31T18:21:59.909+07:00 DEBUG 3972 --- [nio-8080-exec-4] o.s.web.servlet.DispatcherServlet        : GET "/api/customer/flights", parameters={}
2026-05-31T18:21:59.911+07:00 DEBUG 3972 --- [nio-8080-exec-4] s.w.s.m.m.a.RequestMappingHandlerMapping : Mapped to com.danangairport.controller.CustomerFlightController#layDanhSachChuyenBay(String, String, String, LocalDate)
2026-05-31T18:21:59.914+07:00 DEBUG 3972 --- [nio-8080-exec-4] o.s.jdbc.core.JdbcTemplate               : Executing prepared SQL query
2026-05-31T18:21:59.914+07:00 DEBUG 3972 --- [nio-8080-exec-4] o.s.jdbc.core.JdbcTemplate               : Executing prepared SQL statement [SELECT
    cb.MaChuyenBay,
    lt.MaLichTrinh,
    cb.SoHieuChuyenBay,
    hh.TenHangHangKhong,
    cb.LoaiChuyenBay,
    cb.DiemDi,
    cb.DiemDen,
    lt.NgayBay,
    lt.GioDuKienKhoiHanh,
    lt.GioDuKienHaCanh,
    lt.GioUocTinhKhoiHanh,
    lt.GioUocTinhHaCanh,
    lt.GioThucTeKhoiHanh,
    lt.GioThucTeHaCanh,
    lt.TrangThaiHienTai,
    lt.SoPhutCham,
    lt.LyDoChamHoacHuy,
    c.TenCong,
    c.TenNhaGa,
    bc.TenBangChuyenHanhLy,
    bc.TenNhaGaBangChuyen
FROM LICHTRINH lt
JOIN CHUYENBAY cb ON lt.MaChuyenBay = cb.MaChuyenBay
JOIN HANGHANGKHONG hh ON cb.MaHangHangKhong = hh.MaHangHangKhong
OUTER APPLY (
    SELECT TOP 1
        cg.TenCong,
        ng.TenNhaGa
    FROM PHANCONGCONG pcc
    JOIN CONG cg ON pcc.MaCong = cg.MaCong
    JOIN NHAGA ng ON cg.MaNhaGa = ng.MaNhaGa
    WHERE pcc.MaLichTrinh = lt.MaLichTrinh
      AND pcc.DangHienHanh = 1
    ORDER BY pcc.ThoiGianBatDauSuDung DESC
) c
OUTER APPLY (
    SELECT TOP 1
        bchl.TenBangChuyenHanhLy,
        ngbc.TenNhaGa AS TenNhaGaBangChuyen
    FROM PHANCONGBANGCHUYEN pcbc
    JOIN BANGCHUYENHANHLY bchl ON pcbc.MaBangChuyenHanhLy = bchl.MaBangChuyenHanhLy
    JOIN NHAGA ngbc ON bchl.MaNhaGa = ngbc.MaNhaGa
    WHERE pcbc.MaLichTrinh = lt.MaLichTrinh
      AND pcbc.DangHienHanh = 1
    ORDER BY pcbc.ThoiGianBatDauSuDung DESC
) bc
WHERE lt.TrangThaiHienTai <> ?
 ORDER BY lt.NgayBay DESC,
          COALESCE(lt.GioUocTinhKhoiHanh, lt.GioDuKienKhoiHanh) DESC
]
2026-05-31T18:21:59.954+07:00 DEBUG 3972 --- [nio-8080-exec-4] m.m.a.RequestResponseBodyMethodProcessor : Using 'application/json', given [*/*] and supported [application/json, application/*+json]
2026-05-31T18:21:59.963+07:00 DEBUG 3972 --- [nio-8080-exec-4] m.m.a.RequestResponseBodyMethodProcessor : Writing [[CustomerFlightDto[id=LT005, maLichTrinh=LT005, maChuyenBay=CB005, flightNo=KE462, airline=Korean Ai (truncated)...]
2026-05-31T18:21:59.970+07:00 DEBUG 3972 --- [nio-8080-exec-4] o.s.web.servlet.DispatcherServlet        : Completed 200 OK
2026-05-31T18:22:12.622+07:00 DEBUG 3972 --- [nio-8080-exec-7] o.s.web.servlet.DispatcherServlet        : GET "/api/customer/flights/LT001", parameters={}
2026-05-31T18:22:12.625+07:00 DEBUG 3972 --- [nio-8080-exec-7] s.w.s.m.m.a.RequestMappingHandlerMapping : Mapped to com.danangairport.controller.CustomerFlightController#layChiTietChuyenBay(String)
2026-05-31T18:22:12.633+07:00 DEBUG 3972 --- [nio-8080-exec-7] o.s.jdbc.core.JdbcTemplate               : Executing prepared SQL query
2026-05-31T18:22:12.633+07:00 DEBUG 3972 --- [nio-8080-exec-7] o.s.jdbc.core.JdbcTemplate               : Executing prepared SQL statement [SELECT
    cb.MaChuyenBay,
    lt.MaLichTrinh,
    cb.SoHieuChuyenBay,
    hh.TenHangHangKhong,
    cb.LoaiChuyenBay,
    cb.DiemDi,
    cb.DiemDen,
    lt.NgayBay,
    lt.GioDuKienKhoiHanh,
    lt.GioDuKienHaCanh,
    lt.GioUocTinhKhoiHanh,
    lt.GioUocTinhHaCanh,
    lt.GioThucTeKhoiHanh,
    lt.GioThucTeHaCanh,
    lt.TrangThaiHienTai,
    lt.SoPhutCham,
    lt.LyDoChamHoacHuy,
    c.TenCong,
    c.TenNhaGa,
    bc.TenBangChuyenHanhLy,
    bc.TenNhaGaBangChuyen
FROM LICHTRINH lt
JOIN CHUYENBAY cb ON lt.MaChuyenBay = cb.MaChuyenBay
JOIN HANGHANGKHONG hh ON cb.MaHangHangKhong = hh.MaHangHangKhong
OUTER APPLY (
    SELECT TOP 1
        cg.TenCong,
        ng.TenNhaGa
    FROM PHANCONGCONG pcc
    JOIN CONG cg ON pcc.MaCong = cg.MaCong
    JOIN NHAGA ng ON cg.MaNhaGa = ng.MaNhaGa
    WHERE pcc.MaLichTrinh = lt.MaLichTrinh
      AND pcc.DangHienHanh = 1
    ORDER BY pcc.ThoiGianBatDauSuDung DESC
) c
OUTER APPLY (
    SELECT TOP 1
        bchl.TenBangChuyenHanhLy,
        ngbc.TenNhaGa AS TenNhaGaBangChuyen
    FROM PHANCONGBANGCHUYEN pcbc
    JOIN BANGCHUYENHANHLY bchl ON pcbc.MaBangChuyenHanhLy = bchl.MaBangChuyenHanhLy
    JOIN NHAGA ngbc ON bchl.MaNhaGa = ngbc.MaNhaGa
    WHERE pcbc.MaLichTrinh = lt.MaLichTrinh
      AND pcbc.DangHienHanh = 1
    ORDER BY pcbc.ThoiGianBatDauSuDung DESC
) bc
WHERE lt.TrangThaiHienTai <> ?
  AND (lt.MaLichTrinh = ? OR cb.SoHieuChuyenBay = ?)
 ORDER BY CASE WHEN lt.MaLichTrinh = ? THEN 0 ELSE 1 END,
          lt.NgayBay DESC,
          COALESCE(lt.GioUocTinhKhoiHanh, lt.GioDuKienKhoiHanh) DESC
]
2026-05-31T18:22:12.678+07:00 DEBUG 3972 --- [nio-8080-exec-7] m.m.a.RequestResponseBodyMethodProcessor : Using 'application/json', given [*/*] and supported [application/json, application/*+json]
2026-05-31T18:22:12.679+07:00 DEBUG 3972 --- [nio-8080-exec-7] m.m.a.RequestResponseBodyMethodProcessor : Writing [CustomerFlightDto[id=LT001, maLichTrinh=LT001, maChuyenBay=CB001, flightNo=VN101, airline=Vietnam Ai (truncated)...]
2026-05-31T18:22:12.683+07:00 DEBUG 3972 --- [nio-8080-exec-7] o.s.web.servlet.DispatcherServlet        : Completed 200 OK
2026-05-31T18:23:23.658+07:00  INFO 3972 --- [   File Watcher] rtingClassPathChangeChangedEventListener : Restarting due to 1 class path change (0 additions, 0 deletions, 1 modification)
2026-05-31T18:23:23.660+07:00 DEBUG 3972 --- [   File Watcher] rtingClassPathChangeChangedEventListener : Change set: [D:\HK225\225DOANPHANMEM\HeThongTheoGioiChuyenBay\Backend\target\classes [D:\HK225\225DOANPHANMEM\HeThongTheoGioiChuyenBay\Backend\target\classes\com\danangairport\config\CorsConfig.class (MODIFY)]]
2026-05-31T18:23:23.661+07:00 DEBUG 3972 --- [   File Watcher] o.s.boot.devtools.restart.Restarter      : Restarting application
2026-05-31T18:23:23.662+07:00 DEBUG 3972 --- [       Thread-5] o.s.boot.devtools.restart.Restarter      : Stopping application
2026-05-31T18:23:23.664+07:00 DEBUG 3972 --- [       Thread-5] o.s.b.a.ApplicationAvailabilityBean      : Application availability state ReadinessState changed from ACCEPTING_TRAFFIC to REFUSING_TRAFFIC
2026-05-31T18:23:23.674+07:00 DEBUG 3972 --- [       Thread-5] ConfigServletWebServerApplicationContext : Closing org.springframework.boot.web.servlet.context.AnnotationConfigServletWebServerApplicationContext@44c0548, started on Sun May 31 18:21:24 GMT+07:00 2026
2026-05-31T18:23:23.678+07:00  INFO 3972 --- [       Thread-5] o.s.b.w.e.tomcat.GracefulShutdown        : Commencing graceful shutdown. Waiting for active requests to complete
2026-05-31T18:23:23.690+07:00  INFO 3972 --- [tomcat-shutdown] o.s.b.w.e.tomcat.GracefulShutdown        : Graceful shutdown complete
2026-05-31T18:23:23.695+07:00  INFO 3972 --- [       Thread-5] j.LocalContainerEntityManagerFactoryBean : Closing JPA EntityManagerFactory for persistence unit 'default'
2026-05-31T18:23:23.701+07:00  INFO 3972 --- [       Thread-5] com.zaxxer.hikari.HikariDataSource       : HikariPool-1 - Shutdown initiated...
2026-05-31T18:23:23.709+07:00  INFO 3972 --- [       Thread-5] com.zaxxer.hikari.HikariDataSource       : HikariPool-1 - Shutdown completed.
2026-05-31T18:23:23.752+07:00 DEBUG 3972 --- [       Thread-5] o.s.boot.devtools.restart.Restarter      : Starting application com.danangairport.BackendApplication with URLs [file:/D:/HK225/225DOANPHANMEM/HeThongTheoGioiChuyenBay/Backend/target/classes/]

  .   ____          _            __ _ _
 /\\ / ___'_ __ _ _(_)_ __  __ _ \ \ \ \
( ( )\___ | '_ | '_| | '_ \/ _` | \ \ \ \
 \\/  ___)| |_)| | | | | || (_| |  ) ) ) )
  '  |____| .__|_| |_|_| |_\__, | / / / /
 =========|_|==============|___/=/_/_/_/

 :: Spring Boot ::                (v3.5.0)

2026-05-31T18:23:23.779+07:00  INFO 3972 --- [  restartedMain] com.danangairport.BackendApplication     : Starting BackendApplication using Java 23.0.2 with PID 3972 (D:\HK225\225DOANPHANMEM\HeThongTheoGioiChuyenBay\Backend\target\classes started by Le Viet Dat in D:\HK225\225DOANPHANMEM\HeThongTheoGioiChuyenBay\Backend)
2026-05-31T18:23:23.779+07:00  INFO 3972 --- [  restartedMain] com.danangairport.BackendApplication     : No active profile set, falling back to 1 default profile: "default"
2026-05-31T18:23:23.780+07:00 DEBUG 3972 --- [  restartedMain] o.s.boot.SpringApplication               : Loading source class com.danangairport.BackendApplication
2026-05-31T18:23:23.781+07:00 DEBUG 3972 --- [  restartedMain] ConfigServletWebServerApplicationContext : Refreshing org.springframework.boot.web.servlet.context.AnnotationConfigServletWebServerApplicationContext@56c1b6f6
2026-05-31T18:23:23.972+07:00  INFO 3972 --- [  restartedMain] .s.d.r.c.RepositoryConfigurationDelegate : Bootstrapping Spring Data JPA repositories in DEFAULT mode.
2026-05-31T18:23:23.973+07:00 DEBUG 3972 --- [  restartedMain] o.s.b.a.AutoConfigurationPackages        : @EnableAutoConfiguration was declared on a class in the package 'com.danangairport'. Automatic @Repository and @Entity scanning is enabled.
2026-05-31T18:23:23.977+07:00  INFO 3972 --- [  restartedMain] .s.d.r.c.RepositoryConfigurationDelegate : Finished Spring Data repository scanning in 3 ms. Found 0 JPA repository interfaces.
2026-05-31T18:23:24.035+07:00 DEBUG 3972 --- [  restartedMain] .s.b.w.e.t.TomcatServletWebServerFactory : Code archive: C:\Users\Le Viet Dat\.m2\repository\org\springframework\boot\spring-boot\3.5.0\spring-boot-3.5.0.jar
2026-05-31T18:23:24.036+07:00 DEBUG 3972 --- [  restartedMain] .s.b.w.e.t.TomcatServletWebServerFactory : Code archive: C:\Users\Le Viet Dat\.m2\repository\org\springframework\boot\spring-boot\3.5.0\spring-boot-3.5.0.jar
2026-05-31T18:23:24.036+07:00 DEBUG 3972 --- [  restartedMain] .s.b.w.e.t.TomcatServletWebServerFactory : None of the document roots [src/main/webapp, public, static] point to a directory and will be ignored.
2026-05-31T18:23:24.044+07:00  INFO 3972 --- [  restartedMain] o.s.b.w.embedded.tomcat.TomcatWebServer  : Tomcat initialized with port 8080 (http)
2026-05-31T18:23:24.044+07:00  INFO 3972 --- [  restartedMain] o.apache.catalina.core.StandardService   : Starting service [Tomcat]
2026-05-31T18:23:24.044+07:00  INFO 3972 --- [  restartedMain] o.apache.catalina.core.StandardEngine    : Starting Servlet engine: [Apache Tomcat/10.1.41]
2026-05-31T18:23:24.068+07:00  INFO 3972 --- [  restartedMain] o.a.c.c.C.[Tomcat].[localhost].[/]       : Initializing Spring embedded WebApplicationContext
2026-05-31T18:23:24.068+07:00 DEBUG 3972 --- [  restartedMain] w.s.c.ServletWebServerApplicationContext : Published root WebApplicationContext as ServletContext attribute with name [org.springframework.web.context.WebApplicationContext.ROOT]
2026-05-31T18:23:24.068+07:00  INFO 3972 --- [  restartedMain] w.s.c.ServletWebServerApplicationContext : Root WebApplicationContext: initialization completed in 287 ms
2026-05-31T18:23:24.074+07:00 DEBUG 3972 --- [  restartedMain] o.s.b.w.s.ServletContextInitializerBeans : Mapping filters: characterEncodingFilter urls=[/*] order=-2147483648, formContentFilter urls=[/*] order=-9900, requestContextFilter urls=[/*] order=-105
2026-05-31T18:23:24.075+07:00 DEBUG 3972 --- [  restartedMain] o.s.b.w.s.ServletContextInitializerBeans : Mapping servlets: dispatcherServlet urls=[/]
2026-05-31T18:23:24.076+07:00 DEBUG 3972 --- [  restartedMain] o.s.b.w.s.f.OrderedRequestContextFilter  : Filter 'requestContextFilter' configured for use
2026-05-31T18:23:24.076+07:00 DEBUG 3972 --- [  restartedMain] s.b.w.s.f.OrderedCharacterEncodingFilter : Filter 'characterEncodingFilter' configured for use
2026-05-31T18:23:24.077+07:00 DEBUG 3972 --- [  restartedMain] o.s.b.w.s.f.OrderedFormContentFilter     : Filter 'formContentFilter' configured for use
2026-05-31T18:23:24.099+07:00  INFO 3972 --- [  restartedMain] o.hibernate.jpa.internal.util.LogHelper  : HHH000204: Processing PersistenceUnitInfo [name: default]
2026-05-31T18:23:24.101+07:00  INFO 3972 --- [  restartedMain] o.h.c.internal.RegionFactoryInitiator    : HHH000026: Second-level cache disabled
2026-05-31T18:23:24.110+07:00  INFO 3972 --- [  restartedMain] o.s.o.j.p.SpringPersistenceUnitInfo      : No LoadTimeWeaver setup: ignoring JPA class transformer
2026-05-31T18:23:24.111+07:00  INFO 3972 --- [  restartedMain] com.zaxxer.hikari.HikariDataSource       : HikariPool-2 - Starting...
2026-05-31T18:23:24.147+07:00  INFO 3972 --- [  restartedMain] com.zaxxer.hikari.pool.HikariPool        : HikariPool-2 - Added connection ConnectionID:11 ClientConnectionId: cf728a80-8b0b-4868-ae12-2f35d6fc80d1
2026-05-31T18:23:24.148+07:00  INFO 3972 --- [  restartedMain] com.zaxxer.hikari.HikariDataSource       : HikariPool-2 - Start completed.
2026-05-31T18:23:24.151+07:00  WARN 3972 --- [  restartedMain] org.hibernate.orm.deprecation            : HHH90000025: SQLServerDialect does not need to be specified explicitly using 'hibernate.dialect' (remove the property setting and it will be selected by default)
2026-05-31T18:23:24.155+07:00  INFO 3972 --- [  restartedMain] org.hibernate.orm.connections.pooling    : HHH10001005: Database info:
	Database JDBC URL [Connecting through datasource 'HikariDataSource (HikariPool-2)']
	Database driver: undefined/unknown
	Database version: 16.0
	Autocommit mode: undefined/unknown
	Isolation level: undefined/unknown
	Minimum pool size: undefined/unknown
	Maximum pool size: undefined/unknown
2026-05-31T18:23:24.178+07:00  INFO 3972 --- [  restartedMain] o.h.e.t.j.p.i.JtaPlatformInitiator       : HHH000489: No JTA platform available (set 'hibernate.transaction.jta.platform' to enable JTA platform integration)
2026-05-31T18:23:24.179+07:00  INFO 3972 --- [  restartedMain] j.LocalContainerEntityManagerFactoryBean : Initialized JPA EntityManagerFactory for persistence unit 'default'
2026-05-31T18:23:24.193+07:00 DEBUG 3972 --- [  restartedMain] o.s.jdbc.core.JdbcTemplate               : Executing SQL statement [IF OBJECT_ID('dbo.TAIKHOAN_KHOIPHUC_MATKHAU', 'U') IS NULL
BEGIN
    CREATE TABLE dbo.TAIKHOAN_KHOIPHUC_MATKHAU (
        MaYeuCau VARCHAR(20) NOT NULL PRIMARY KEY,
        MaTaiKhoan VARCHAR(10) NOT NULL,
        Email VARCHAR(50) NOT NULL,
        MaXacThuc VARCHAR(10) NOT NULL,
        TrangThaiYeuCau NVARCHAR(30) NOT NULL,
        ThoiGianYeuCau DATETIME NOT NULL CONSTRAINT DF_TKKPMK_ThoiGianYeuCau DEFAULT GETDATE(),
        ThoiGianHetHan DATETIME NOT NULL,
        ThoiGianSuDung DATETIME NULL,
        GhiChu NVARCHAR(200) NULL,
        CONSTRAINT FK_TKKPMK_TAIKHOAN FOREIGN KEY (MaTaiKhoan) REFERENCES dbo.TAIKHOAN(MaTaiKhoan)
    )
END
]
2026-05-31T18:23:24.296+07:00  WARN 3972 --- [  restartedMain] JpaBaseConfiguration$JpaWebConfiguration : spring.jpa.open-in-view is enabled by default. Therefore, database queries may be performed during view rendering. Explicitly configure spring.jpa.open-in-view to disable this warning
2026-05-31T18:23:24.339+07:00 DEBUG 3972 --- [  restartedMain] s.w.s.m.m.a.RequestMappingHandlerMapping : 99 mappings in 'requestMappingHandlerMapping'
2026-05-31T18:23:24.361+07:00 DEBUG 3972 --- [  restartedMain] o.s.w.s.handler.SimpleUrlHandlerMapping  : Patterns [/webjars/**, /**] in 'resourceHandlerMapping'
2026-05-31T18:23:24.364+07:00 DEBUG 3972 --- [  restartedMain] s.w.s.m.m.a.RequestMappingHandlerAdapter : ControllerAdvice beans: 0 @ModelAttribute, 0 @InitBinder, 1 RequestBodyAdvice, 1 ResponseBodyAdvice
2026-05-31T18:23:24.370+07:00 DEBUG 3972 --- [  restartedMain] .m.m.a.ExceptionHandlerExceptionResolver : ControllerAdvice beans: 1 @ExceptionHandler, 1 ResponseBodyAdvice
2026-05-31T18:23:24.395+07:00  INFO 3972 --- [  restartedMain] o.s.b.d.a.OptionalLiveReloadServer       : LiveReload server is running on port 35729
2026-05-31T18:23:24.403+07:00  INFO 3972 --- [  restartedMain] o.s.b.w.embedded.tomcat.TomcatWebServer  : Tomcat started on port 8080 (http) with context path '/'
2026-05-31T18:23:24.408+07:00 DEBUG 3972 --- [  restartedMain] .s.b.a.l.ConditionEvaluationReportLogger : 


============================
CONDITIONS EVALUATION REPORT
============================


Positive matches:
-----------------

   AopAutoConfiguration matched:
      - @ConditionalOnBooleanProperty (spring.aop.auto=true) matched (OnPropertyCondition)

   AopAutoConfiguration.AspectJAutoProxyingConfiguration matched:
      - @ConditionalOnClass found required class 'org.aspectj.weaver.Advice' (OnClassCondition)

   AopAutoConfiguration.AspectJAutoProxyingConfiguration.CglibAutoProxyConfiguration matched:
      - @ConditionalOnBooleanProperty (spring.aop.proxy-target-class=true) matched (OnPropertyCondition)

   ApplicationAvailabilityAutoConfiguration#applicationAvailability matched:
      - @ConditionalOnMissingBean (types: org.springframework.boot.availability.ApplicationAvailability; SearchStrategy: all) did not find any beans (OnBeanCondition)

   DataSourceAutoConfiguration matched:
      - @ConditionalOnClass found required classes 'javax.sql.DataSource', 'org.springframework.jdbc.datasource.embedded.EmbeddedDatabaseType' (OnClassCondition)
      - @ConditionalOnMissingBean (types: ?; SearchStrategy: all) did not find any beans (OnBeanCondition)

   DataSourceAutoConfiguration.PooledDataSourceConfiguration matched:
      - AnyNestedCondition 1 matched 1 did not; NestedCondition on DataSourceAutoConfiguration.PooledDataSourceCondition.PooledDataSourceAvailable PooledDataSource found supported DataSource; NestedCondition on DataSourceAutoConfiguration.PooledDataSourceCondition.ExplicitType @ConditionalOnProperty (spring.datasource.type) did not find property 'spring.datasource.type' (DataSourceAutoConfiguration.PooledDataSourceCondition)
      - @ConditionalOnMissingBean (types: javax.sql.DataSource,javax.sql.XADataSource; SearchStrategy: all) did not find any beans (OnBeanCondition)

   DataSourceAutoConfiguration.PooledDataSourceConfiguration#jdbcConnectionDetails matched:
      - @ConditionalOnMissingBean (types: org.springframework.boot.autoconfigure.jdbc.JdbcConnectionDetails; SearchStrategy: all) did not find any beans (OnBeanCondition)

   DataSourceConfiguration.Hikari matched:
      - @ConditionalOnClass found required class 'com.zaxxer.hikari.HikariDataSource' (OnClassCondition)
      - @ConditionalOnProperty (spring.datasource.type=com.zaxxer.hikari.HikariDataSource) matched (OnPropertyCondition)
      - @ConditionalOnMissingBean (types: javax.sql.DataSource; SearchStrategy: all) did not find any beans (OnBeanCondition)

   DataSourceInitializationConfiguration matched:
      - @ConditionalOnClass found required class 'org.springframework.jdbc.datasource.init.DatabasePopulator' (OnClassCondition)
      - @ConditionalOnSingleCandidate (types: javax.sql.DataSource; SearchStrategy: all) found a single bean 'dataSource'; @ConditionalOnMissingBean (types: org.springframework.boot.autoconfigure.sql.init.SqlDataSourceScriptDatabaseInitializer,org.springframework.boot.autoconfigure.sql.init.SqlR2dbcScriptDatabaseInitializer; SearchStrategy: all) did not find any beans (OnBeanCondition)

   DataSourcePoolMetadataProvidersConfiguration.HikariPoolDataSourceMetadataProviderConfiguration matched:
      - @ConditionalOnClass found required class 'com.zaxxer.hikari.HikariDataSource' (OnClassCondition)

   DataSourceTransactionManagerAutoConfiguration matched:
      - @ConditionalOnClass found required classes 'javax.sql.DataSource', 'org.springframework.jdbc.core.JdbcTemplate', 'org.springframework.transaction.TransactionManager' (OnClassCondition)

   DataSourceTransactionManagerAutoConfiguration.JdbcTransactionManagerConfiguration matched:
      - @ConditionalOnSingleCandidate (types: javax.sql.DataSource; SearchStrategy: all) found a single bean 'dataSource' (OnBeanCondition)

   DevToolsDataSourceAutoConfiguration matched:
      - @ConditionalOnClass found required class 'javax.sql.DataSource' (OnClassCondition)
      - Devtools devtools enabled. (OnEnabledDevToolsCondition)
      - DevTools DataSource Condition found auto-configured DataSource (DevToolsDataSourceAutoConfiguration.DevToolsDataSourceCondition)

   DevToolsDataSourceAutoConfiguration.DatabaseShutdownExecutorEntityManagerFactoryDependsOnPostProcessor matched:
      - @ConditionalOnClass found required class 'org.springframework.orm.jpa.LocalContainerEntityManagerFactoryBean' (OnClassCondition)
      - @ConditionalOnBean (types: org.springframework.orm.jpa.AbstractEntityManagerFactoryBean; SearchStrategy: all) found bean '&entityManagerFactory' (OnBeanCondition)

   DispatcherServletAutoConfiguration matched:
      - @ConditionalOnClass found required class 'org.springframework.web.servlet.DispatcherServlet' (OnClassCondition)
      - found 'session' scope (OnWebApplicationCondition)

   DispatcherServletAutoConfiguration.DispatcherServletConfiguration matched:
      - @ConditionalOnClass found required class 'jakarta.servlet.ServletRegistration' (OnClassCondition)
      - Default DispatcherServlet did not find dispatcher servlet beans (DispatcherServletAutoConfiguration.DefaultDispatcherServletCondition)

   DispatcherServletAutoConfiguration.DispatcherServletRegistrationConfiguration matched:
      - @ConditionalOnClass found required class 'jakarta.servlet.ServletRegistration' (OnClassCondition)
      - DispatcherServlet Registration did not find servlet registration bean (DispatcherServletAutoConfiguration.DispatcherServletRegistrationCondition)

   DispatcherServletAutoConfiguration.DispatcherServletRegistrationConfiguration#dispatcherServletRegistration matched:
      - @ConditionalOnBean (names: dispatcherServlet types: org.springframework.web.servlet.DispatcherServlet; SearchStrategy: all) found bean 'dispatcherServlet' (OnBeanCondition)

   EmbeddedWebServerFactoryCustomizerAutoConfiguration matched:
      - @ConditionalOnWebApplication (required) found 'session' scope (OnWebApplicationCondition)
      - @ConditionalOnWarDeployment the application is not deployed as a WAR file. (OnWarDeploymentCondition)

   EmbeddedWebServerFactoryCustomizerAutoConfiguration.TomcatWebServerFactoryCustomizerConfiguration matched:
      - @ConditionalOnClass found required classes 'org.apache.catalina.startup.Tomcat', 'org.apache.coyote.UpgradeProtocol' (OnClassCondition)

   ErrorMvcAutoConfiguration matched:
      - @ConditionalOnClass found required classes 'jakarta.servlet.Servlet', 'org.springframework.web.servlet.DispatcherServlet' (OnClassCondition)
      - found 'session' scope (OnWebApplicationCondition)

   ErrorMvcAutoConfiguration#basicErrorController matched:
      - @ConditionalOnMissingBean (types: org.springframework.boot.web.servlet.error.ErrorController; SearchStrategy: current) did not find any beans (OnBeanCondition)

   ErrorMvcAutoConfiguration#errorAttributes matched:
      - @ConditionalOnMissingBean (types: org.springframework.boot.web.servlet.error.ErrorAttributes; SearchStrategy: current) did not find any beans (OnBeanCondition)

   ErrorMvcAutoConfiguration.DefaultErrorViewResolverConfiguration#conventionErrorViewResolver matched:
      - @ConditionalOnBean (types: org.springframework.web.servlet.DispatcherServlet; SearchStrategy: all) found bean 'dispatcherServlet'; @ConditionalOnMissingBean (types: org.springframework.boot.autoconfigure.web.servlet.error.ErrorViewResolver; SearchStrategy: all) did not find any beans (OnBeanCondition)

   ErrorMvcAutoConfiguration.WhitelabelErrorViewConfiguration matched:
      - @ConditionalOnBooleanProperty (server.error.whitelabel.enabled=true) matched (OnPropertyCondition)
      - ErrorTemplate Missing did not find error template view (ErrorMvcAutoConfiguration.ErrorTemplateMissingCondition)

   ErrorMvcAutoConfiguration.WhitelabelErrorViewConfiguration#beanNameViewResolver matched:
      - @ConditionalOnMissingBean (types: org.springframework.web.servlet.view.BeanNameViewResolver; SearchStrategy: all) did not find any beans (OnBeanCondition)

   ErrorMvcAutoConfiguration.WhitelabelErrorViewConfiguration#defaultErrorView matched:
      - @ConditionalOnMissingBean (names: error; SearchStrategy: all) did not find any beans (OnBeanCondition)

   GenericCacheConfiguration matched:
      - Cache org.springframework.boot.autoconfigure.cache.GenericCacheConfiguration automatic cache type (CacheCondition)

   HibernateJpaAutoConfiguration matched:
      - @ConditionalOnClass found required classes 'org.springframework.orm.jpa.LocalContainerEntityManagerFactoryBean', 'jakarta.persistence.EntityManager', 'org.hibernate.engine.spi.SessionImplementor' (OnClassCondition)

   HibernateJpaConfiguration matched:
      - @ConditionalOnSingleCandidate (types: javax.sql.DataSource; SearchStrategy: all) found a single bean 'dataSource' (OnBeanCondition)

   HttpClientAutoConfiguration matched:
      - @ConditionalOnClass found required class 'org.springframework.http.client.ClientHttpRequestFactory' (OnClassCondition)
      - NoneNestedConditions 0 matched 1 did not; NestedCondition on NotReactiveWebApplicationCondition.ReactiveWebApplication did not find reactive web application classes (NotReactiveWebApplicationCondition)

   HttpClientAutoConfiguration#clientHttpRequestFactoryBuilder matched:
      - @ConditionalOnMissingBean (types: org.springframework.boot.http.client.ClientHttpRequestFactoryBuilder<?>; SearchStrategy: all) did not find any beans (OnBeanCondition)

   HttpClientAutoConfiguration#clientHttpRequestFactorySettings matched:
      - @ConditionalOnMissingBean (types: org.springframework.boot.http.client.ClientHttpRequestFactorySettings; SearchStrategy: all) did not find any beans (OnBeanCondition)

   HttpEncodingAutoConfiguration matched:
      - @ConditionalOnClass found required class 'org.springframework.web.filter.CharacterEncodingFilter' (OnClassCondition)
      - found 'session' scope (OnWebApplicationCondition)
      - @ConditionalOnBooleanProperty (server.servlet.encoding.enabled=true) matched (OnPropertyCondition)

   HttpEncodingAutoConfiguration#characterEncodingFilter matched:
      - @ConditionalOnMissingBean (types: org.springframework.web.filter.CharacterEncodingFilter; SearchStrategy: all) did not find any beans (OnBeanCondition)

   HttpMessageConvertersAutoConfiguration matched:
      - @ConditionalOnClass found required class 'org.springframework.http.converter.HttpMessageConverter' (OnClassCondition)
      - NoneNestedConditions 0 matched 1 did not; NestedCondition on HttpMessageConvertersAutoConfiguration.NotReactiveWebApplicationCondition.ReactiveWebApplication did not find reactive web application classes (HttpMessageConvertersAutoConfiguration.NotReactiveWebApplicationCondition)

   HttpMessageConvertersAutoConfiguration#messageConverters matched:
      - @ConditionalOnMissingBean (types: org.springframework.boot.autoconfigure.http.HttpMessageConverters; SearchStrategy: all) did not find any beans (OnBeanCondition)

   HttpMessageConvertersAutoConfiguration.StringHttpMessageConverterConfiguration matched:
      - @ConditionalOnClass found required class 'org.springframework.http.converter.StringHttpMessageConverter' (OnClassCondition)

   HttpMessageConvertersAutoConfiguration.StringHttpMessageConverterConfiguration#stringHttpMessageConverter matched:
      - @ConditionalOnMissingBean (types: org.springframework.http.converter.StringHttpMessageConverter; SearchStrategy: all) did not find any beans (OnBeanCondition)

   JacksonAutoConfiguration matched:
      - @ConditionalOnClass found required class 'com.fasterxml.jackson.databind.ObjectMapper' (OnClassCondition)

   JacksonAutoConfiguration.Jackson2ObjectMapperBuilderCustomizerConfiguration matched:
      - @ConditionalOnClass found required class 'org.springframework.http.converter.json.Jackson2ObjectMapperBuilder' (OnClassCondition)

   JacksonAutoConfiguration.JacksonObjectMapperBuilderConfiguration matched:
      - @ConditionalOnClass found required class 'org.springframework.http.converter.json.Jackson2ObjectMapperBuilder' (OnClassCondition)

   JacksonAutoConfiguration.JacksonObjectMapperBuilderConfiguration#jacksonObjectMapperBuilder matched:
      - @ConditionalOnMissingBean (types: org.springframework.http.converter.json.Jackson2ObjectMapperBuilder; SearchStrategy: all) did not find any beans (OnBeanCondition)

   JacksonAutoConfiguration.JacksonObjectMapperConfiguration matched:
      - @ConditionalOnClass found required class 'org.springframework.http.converter.json.Jackson2ObjectMapperBuilder' (OnClassCondition)

   JacksonAutoConfiguration.JacksonObjectMapperConfiguration#jacksonObjectMapper matched:
      - @ConditionalOnMissingBean (types: com.fasterxml.jackson.databind.ObjectMapper; SearchStrategy: all) did not find any beans (OnBeanCondition)

   JacksonAutoConfiguration.ParameterNamesModuleConfiguration matched:
      - @ConditionalOnClass found required class 'com.fasterxml.jackson.module.paramnames.ParameterNamesModule' (OnClassCondition)

   JacksonAutoConfiguration.ParameterNamesModuleConfiguration#parameterNamesModule matched:
      - @ConditionalOnMissingBean (types: com.fasterxml.jackson.module.paramnames.ParameterNamesModule; SearchStrategy: all) did not find any beans (OnBeanCondition)

   JacksonHttpMessageConvertersConfiguration.MappingJackson2HttpMessageConverterConfiguration matched:
      - @ConditionalOnClass found required class 'com.fasterxml.jackson.databind.ObjectMapper' (OnClassCondition)
      - @ConditionalOnPreferredJsonMapper JACKSON no property was configured and Jackson is the default (OnPreferredJsonMapperCondition)
      - @ConditionalOnBean (types: com.fasterxml.jackson.databind.ObjectMapper; SearchStrategy: all) found bean 'jacksonObjectMapper' (OnBeanCondition)

   JacksonHttpMessageConvertersConfiguration.MappingJackson2HttpMessageConverterConfiguration#mappingJackson2HttpMessageConverter matched:
      - @ConditionalOnMissingBean (types: org.springframework.http.converter.json.MappingJackson2HttpMessageConverter ignored: ?; SearchStrategy: all) did not find any beans (OnBeanCondition)

   JdbcClientAutoConfiguration matched:
      - @ConditionalOnSingleCandidate (types: org.springframework.jdbc.core.namedparam.NamedParameterJdbcTemplate; SearchStrategy: all) found a single bean 'namedParameterJdbcTemplate'; @ConditionalOnMissingBean (types: org.springframework.jdbc.core.simple.JdbcClient; SearchStrategy: all) did not find any beans (OnBeanCondition)

   JdbcTemplateAutoConfiguration matched:
      - @ConditionalOnClass found required classes 'javax.sql.DataSource', 'org.springframework.jdbc.core.JdbcTemplate' (OnClassCondition)
      - @ConditionalOnSingleCandidate (types: javax.sql.DataSource; SearchStrategy: all) found a single bean 'dataSource' (OnBeanCondition)

   JdbcTemplateConfiguration matched:
      - @ConditionalOnMissingBean (types: org.springframework.jdbc.core.JdbcOperations; SearchStrategy: all) did not find any beans (OnBeanCondition)

   JpaBaseConfiguration#entityManagerFactory matched:
      - @ConditionalOnMissingBean (types: org.springframework.orm.jpa.LocalContainerEntityManagerFactoryBean,jakarta.persistence.EntityManagerFactory; SearchStrategy: all) did not find any beans (OnBeanCondition)

   JpaBaseConfiguration#entityManagerFactoryBuilder matched:
      - @ConditionalOnMissingBean (types: org.springframework.boot.orm.jpa.EntityManagerFactoryBuilder; SearchStrategy: all) did not find any beans (OnBeanCondition)

   JpaBaseConfiguration#jpaVendorAdapter matched:
      - @ConditionalOnMissingBean (types: org.springframework.orm.jpa.JpaVendorAdapter; SearchStrategy: all) did not find any beans (OnBeanCondition)

   JpaBaseConfiguration#transactionManager matched:
      - @ConditionalOnMissingBean (types: org.springframework.transaction.TransactionManager; SearchStrategy: all) did not find any beans (OnBeanCondition)

   JpaBaseConfiguration.JpaWebConfiguration matched:
      - @ConditionalOnClass found required class 'org.springframework.web.servlet.config.annotation.WebMvcConfigurer' (OnClassCondition)
      - found 'session' scope (OnWebApplicationCondition)
      - @ConditionalOnBooleanProperty (spring.jpa.open-in-view=true) matched (OnPropertyCondition)
      - @ConditionalOnMissingBean (types: org.springframework.orm.jpa.support.OpenEntityManagerInViewInterceptor,org.springframework.orm.jpa.support.OpenEntityManagerInViewFilter; SearchStrategy: all) did not find any beans (OnBeanCondition)

   JpaBaseConfiguration.PersistenceManagedTypesConfiguration matched:
      - @ConditionalOnMissingBean (types: org.springframework.orm.jpa.LocalContainerEntityManagerFactoryBean,jakarta.persistence.EntityManagerFactory; SearchStrategy: all) did not find any beans (OnBeanCondition)

   JpaBaseConfiguration.PersistenceManagedTypesConfiguration#persistenceManagedTypes matched:
      - @ConditionalOnMissingBean (types: org.springframework.orm.jpa.persistenceunit.PersistenceManagedTypes; SearchStrategy: all) did not find any beans (OnBeanCondition)

   JpaRepositoriesAutoConfiguration matched:
      - @ConditionalOnClass found required class 'org.springframework.data.jpa.repository.JpaRepository' (OnClassCondition)
      - @ConditionalOnBooleanProperty (spring.data.jpa.repositories.enabled=true) matched (OnPropertyCondition)
      - @ConditionalOnBean (types: javax.sql.DataSource; SearchStrategy: all) found bean 'dataSource'; @ConditionalOnMissingBean (types: org.springframework.data.jpa.repository.support.JpaRepositoryFactoryBean,org.springframework.data.jpa.repository.config.JpaRepositoryConfigExtension; SearchStrategy: all) did not find any beans (OnBeanCondition)

   JtaAutoConfiguration matched:
      - @ConditionalOnClass found required class 'jakarta.transaction.Transaction' (OnClassCondition)
      - @ConditionalOnBooleanProperty (spring.jta.enabled=true) matched (OnPropertyCondition)

   LifecycleAutoConfiguration#defaultLifecycleProcessor matched:
      - @ConditionalOnMissingBean (names: lifecycleProcessor; SearchStrategy: current) did not find any beans (OnBeanCondition)

   LocalDevToolsAutoConfiguration matched:
      - Initialized Restarter Condition available and initialized (OnInitializedRestarterCondition)

   LocalDevToolsAutoConfiguration.LiveReloadConfiguration matched:
      - @ConditionalOnBooleanProperty (spring.devtools.livereload.enabled=true) matched (OnPropertyCondition)

   LocalDevToolsAutoConfiguration.LiveReloadConfiguration#liveReloadServer matched:
      - @ConditionalOnMissingBean (types: org.springframework.boot.devtools.livereload.LiveReloadServer; SearchStrategy: all) did not find any beans (OnBeanCondition)

   LocalDevToolsAutoConfiguration.RestartConfiguration matched:
      - @ConditionalOnBooleanProperty (spring.devtools.restart.enabled=true) matched (OnPropertyCondition)

   LocalDevToolsAutoConfiguration.RestartConfiguration#classPathFileSystemWatcher matched:
      - @ConditionalOnMissingBean (types: org.springframework.boot.devtools.classpath.ClassPathFileSystemWatcher; SearchStrategy: all) did not find any beans (OnBeanCondition)

   LocalDevToolsAutoConfiguration.RestartConfiguration#classPathRestartStrategy matched:
      - @ConditionalOnMissingBean (types: org.springframework.boot.devtools.classpath.ClassPathRestartStrategy; SearchStrategy: all) did not find any beans (OnBeanCondition)

   LocalDevToolsAutoConfiguration.RestartConfiguration#conditionEvaluationDeltaLoggingListener matched:
      - @ConditionalOnBooleanProperty (spring.devtools.restart.log-condition-evaluation-delta=true) matched (OnPropertyCondition)

   MultipartAutoConfiguration matched:
      - @ConditionalOnClass found required classes 'jakarta.servlet.Servlet', 'org.springframework.web.multipart.support.StandardServletMultipartResolver', 'jakarta.servlet.MultipartConfigElement' (OnClassCondition)
      - found 'session' scope (OnWebApplicationCondition)
      - @ConditionalOnBooleanProperty (spring.servlet.multipart.enabled=true) matched (OnPropertyCondition)

   MultipartAutoConfiguration#multipartConfigElement matched:
      - @ConditionalOnMissingBean (types: jakarta.servlet.MultipartConfigElement; SearchStrategy: all) did not find any beans (OnBeanCondition)

   MultipartAutoConfiguration#multipartResolver matched:
      - @ConditionalOnMissingBean (types: org.springframework.web.multipart.MultipartResolver; SearchStrategy: all) did not find any beans (OnBeanCondition)

   NamedParameterJdbcTemplateConfiguration matched:
      - @ConditionalOnSingleCandidate (types: org.springframework.jdbc.core.JdbcTemplate; SearchStrategy: all) found a single bean 'jdbcTemplate'; @ConditionalOnMissingBean (types: org.springframework.jdbc.core.namedparam.NamedParameterJdbcOperations; SearchStrategy: all) did not find any beans (OnBeanCondition)

   NoOpCacheConfiguration matched:
      - Cache org.springframework.boot.autoconfigure.cache.NoOpCacheConfiguration automatic cache type (CacheCondition)

   PersistenceExceptionTranslationAutoConfiguration matched:
      - @ConditionalOnClass found required class 'org.springframework.dao.annotation.PersistenceExceptionTranslationPostProcessor' (OnClassCondition)

   PersistenceExceptionTranslationAutoConfiguration#persistenceExceptionTranslationPostProcessor matched:
      - @ConditionalOnBooleanProperty (spring.dao.exceptiontranslation.enabled=true) matched (OnPropertyCondition)
      - @ConditionalOnMissingBean (types: org.springframework.dao.annotation.PersistenceExceptionTranslationPostProcessor; SearchStrategy: all) did not find any beans (OnBeanCondition)

   PropertyPlaceholderAutoConfiguration#propertySourcesPlaceholderConfigurer matched:
      - @ConditionalOnMissingBean (types: org.springframework.context.support.PropertySourcesPlaceholderConfigurer; SearchStrategy: current) did not find any beans (OnBeanCondition)

   RestClientAutoConfiguration matched:
      - @ConditionalOnClass found required class 'org.springframework.web.client.RestClient' (OnClassCondition)
      - AnyNestedCondition 1 matched 1 did not; NestedCondition on NotReactiveWebApplicationOrVirtualThreadsExecutorEnabledCondition.VirtualThreadsExecutorEnabled found non-matching nested conditions @ConditionalOnThreading did not find VIRTUAL; NestedCondition on NotReactiveWebApplicationOrVirtualThreadsExecutorEnabledCondition.NotReactiveWebApplication NoneNestedConditions 0 matched 1 did not; NestedCondition on NotReactiveWebApplicationCondition.ReactiveWebApplication did not find reactive web application classes (NotReactiveWebApplicationOrVirtualThreadsExecutorEnabledCondition)

   RestClientAutoConfiguration#httpMessageConvertersRestClientCustomizer matched:
      - @ConditionalOnMissingBean (types: org.springframework.boot.autoconfigure.web.client.HttpMessageConvertersRestClientCustomizer; SearchStrategy: all) did not find any beans (OnBeanCondition)

   RestClientAutoConfiguration#restClientBuilder matched:
      - @ConditionalOnMissingBean (types: org.springframework.web.client.RestClient$Builder; SearchStrategy: all) did not find any beans (OnBeanCondition)

   RestClientAutoConfiguration#restClientBuilderConfigurer matched:
      - @ConditionalOnMissingBean (types: org.springframework.boot.autoconfigure.web.client.RestClientBuilderConfigurer; SearchStrategy: all) did not find any beans (OnBeanCondition)

   RestClientAutoConfiguration#restClientSsl matched:
      - @ConditionalOnBean (types: org.springframework.boot.ssl.SslBundles; SearchStrategy: all) found bean 'sslBundleRegistry'; @ConditionalOnMissingBean (types: org.springframework.boot.autoconfigure.web.client.RestClientSsl; SearchStrategy: all) did not find any beans (OnBeanCondition)

   RestTemplateAutoConfiguration matched:
      - @ConditionalOnClass found required class 'org.springframework.web.client.RestTemplate' (OnClassCondition)
      - NoneNestedConditions 0 matched 1 did not; NestedCondition on NotReactiveWebApplicationCondition.ReactiveWebApplication did not find reactive web application classes (NotReactiveWebApplicationCondition)

   RestTemplateAutoConfiguration#restTemplateBuilder matched:
      - @ConditionalOnMissingBean (types: org.springframework.boot.web.client.RestTemplateBuilder; SearchStrategy: all) did not find any beans (OnBeanCondition)

   ServletWebServerFactoryAutoConfiguration matched:
      - @ConditionalOnClass found required class 'jakarta.servlet.ServletRequest' (OnClassCondition)
      - found 'session' scope (OnWebApplicationCondition)

   ServletWebServerFactoryAutoConfiguration#tomcatServletWebServerFactoryCustomizer matched:
      - @ConditionalOnClass found required class 'org.apache.catalina.startup.Tomcat' (OnClassCondition)

   ServletWebServerFactoryConfiguration.EmbeddedTomcat matched:
      - @ConditionalOnClass found required classes 'jakarta.servlet.Servlet', 'org.apache.catalina.startup.Tomcat', 'org.apache.coyote.UpgradeProtocol' (OnClassCondition)
      - @ConditionalOnMissingBean (types: org.springframework.boot.web.servlet.server.ServletWebServerFactory; SearchStrategy: current) did not find any beans (OnBeanCondition)

   SimpleCacheConfiguration matched:
      - Cache org.springframework.boot.autoconfigure.cache.SimpleCacheConfiguration automatic cache type (CacheCondition)

   SpringDataWebAutoConfiguration matched:
      - @ConditionalOnClass found required classes 'org.springframework.data.web.PageableHandlerMethodArgumentResolver', 'org.springframework.web.servlet.config.annotation.WebMvcConfigurer' (OnClassCondition)
      - found 'session' scope (OnWebApplicationCondition)
      - @ConditionalOnMissingBean (types: org.springframework.data.web.PageableHandlerMethodArgumentResolver; SearchStrategy: all) did not find any beans (OnBeanCondition)

   SpringDataWebAutoConfiguration#pageableCustomizer matched:
      - @ConditionalOnMissingBean (types: org.springframework.data.web.config.PageableHandlerMethodArgumentResolverCustomizer; SearchStrategy: all) did not find any beans (OnBeanCondition)

   SpringDataWebAutoConfiguration#sortCustomizer matched:
      - @ConditionalOnMissingBean (types: org.springframework.data.web.config.SortHandlerMethodArgumentResolverCustomizer; SearchStrategy: all) did not find any beans (OnBeanCondition)

   SpringDataWebAutoConfiguration#springDataWebSettings matched:
      - @ConditionalOnMissingBean (types: org.springframework.data.web.config.SpringDataWebSettings; SearchStrategy: all) did not find any beans (OnBeanCondition)

   SqlInitializationAutoConfiguration matched:
      - @ConditionalOnBooleanProperty (spring.sql.init.enabled=true) matched (OnPropertyCondition)
      - NoneNestedConditions 0 matched 1 did not; NestedCondition on SqlInitializationAutoConfiguration.SqlInitializationModeCondition.ModeIsNever @ConditionalOnProperty (spring.sql.init.mode=never) did not find property 'spring.sql.init.mode' (SqlInitializationAutoConfiguration.SqlInitializationModeCondition)

   SslAutoConfiguration#sslBundleRegistry matched:
      - @ConditionalOnMissingBean (types: org.springframework.boot.ssl.SslBundleRegistry,org.springframework.boot.ssl.SslBundles; SearchStrategy: all) did not find any beans (OnBeanCondition)

   TaskExecutionAutoConfiguration matched:
      - @ConditionalOnClass found required class 'org.springframework.scheduling.concurrent.ThreadPoolTaskExecutor' (OnClassCondition)

   TaskExecutorConfigurations.AsyncConfigurerConfiguration matched:
      - @ConditionalOnMissingBean (types: org.springframework.scheduling.annotation.AsyncConfigurer; SearchStrategy: all) did not find any beans (OnBeanCondition)

   TaskExecutorConfigurations.AsyncConfigurerConfiguration#applicationTaskExecutorAsyncConfigurer matched:
      - @ConditionalOnMissingBean (types: org.springframework.scheduling.annotation.AsyncConfigurer; SearchStrategy: all) did not find any beans (OnBeanCondition)

   TaskExecutorConfigurations.SimpleAsyncTaskExecutorBuilderConfiguration#simpleAsyncTaskExecutorBuilder matched:
      - @ConditionalOnMissingBean (types: org.springframework.boot.task.SimpleAsyncTaskExecutorBuilder; SearchStrategy: all) did not find any beans (OnBeanCondition)
      - @ConditionalOnThreading found PLATFORM (OnThreadingCondition)

   TaskExecutorConfigurations.TaskExecutorConfiguration matched:
      - AnyNestedCondition 1 matched 1 did not; NestedCondition on TaskExecutorConfigurations.OnExecutorCondition.ModelCondition @ConditionalOnProperty (spring.task.execution.mode=force) did not find property 'spring.task.execution.mode'; NestedCondition on TaskExecutorConfigurations.OnExecutorCondition.ExecutorBeanCondition @ConditionalOnMissingBean (types: java.util.concurrent.Executor; SearchStrategy: all) did not find any beans (TaskExecutorConfigurations.OnExecutorCondition)

   TaskExecutorConfigurations.TaskExecutorConfiguration#applicationTaskExecutor matched:
      - @ConditionalOnThreading found PLATFORM (OnThreadingCondition)

   TaskExecutorConfigurations.ThreadPoolTaskExecutorBuilderConfiguration#threadPoolTaskExecutorBuilder matched:
      - @ConditionalOnMissingBean (types: org.springframework.boot.task.ThreadPoolTaskExecutorBuilder; SearchStrategy: all) did not find any beans (OnBeanCondition)

   TaskSchedulingAutoConfiguration matched:
      - @ConditionalOnClass found required class 'org.springframework.scheduling.concurrent.ThreadPoolTaskScheduler' (OnClassCondition)

   TaskSchedulingConfigurations.SimpleAsyncTaskSchedulerBuilderConfiguration#simpleAsyncTaskSchedulerBuilder matched:
      - @ConditionalOnMissingBean (types: org.springframework.boot.task.SimpleAsyncTaskSchedulerBuilder; SearchStrategy: all) did not find any beans (OnBeanCondition)
      - @ConditionalOnThreading found PLATFORM (OnThreadingCondition)

   TaskSchedulingConfigurations.ThreadPoolTaskSchedulerBuilderConfiguration#threadPoolTaskSchedulerBuilder matched:
      - @ConditionalOnMissingBean (types: org.springframework.boot.task.ThreadPoolTaskSchedulerBuilder; SearchStrategy: all) did not find any beans (OnBeanCondition)

   TransactionAutoConfiguration matched:
      - @ConditionalOnClass found required class 'org.springframework.transaction.PlatformTransactionManager' (OnClassCondition)

   TransactionAutoConfiguration.EnableTransactionManagementConfiguration matched:
      - @ConditionalOnBean (types: org.springframework.transaction.TransactionManager; SearchStrategy: all) found bean 'transactionManager'; @ConditionalOnMissingBean (types: org.springframework.transaction.annotation.AbstractTransactionManagementConfiguration; SearchStrategy: all) did not find any beans (OnBeanCondition)

   TransactionAutoConfiguration.EnableTransactionManagementConfiguration.CglibAutoProxyConfiguration matched:
      - @ConditionalOnBooleanProperty (spring.aop.proxy-target-class=true) matched (OnPropertyCondition)

   TransactionAutoConfiguration.TransactionTemplateConfiguration matched:
      - @ConditionalOnSingleCandidate (types: org.springframework.transaction.PlatformTransactionManager; SearchStrategy: all) found a single bean 'transactionManager' (OnBeanCondition)

   TransactionAutoConfiguration.TransactionTemplateConfiguration#transactionTemplate matched:
      - @ConditionalOnMissingBean (types: org.springframework.transaction.support.TransactionOperations; SearchStrategy: all) did not find any beans (OnBeanCondition)

   TransactionManagerCustomizationAutoConfiguration matched:
      - @ConditionalOnClass found required class 'org.springframework.transaction.PlatformTransactionManager' (OnClassCondition)

   TransactionManagerCustomizationAutoConfiguration#platformTransactionManagerCustomizers matched:
      - @ConditionalOnMissingBean (types: org.springframework.boot.autoconfigure.transaction.TransactionManagerCustomizers; SearchStrategy: all) did not find any beans (OnBeanCondition)

   ValidationAutoConfiguration matched:
      - @ConditionalOnClass found required class 'jakarta.validation.executable.ExecutableValidator' (OnClassCondition)
      - @ConditionalOnResource found location classpath:META-INF/services/jakarta.validation.spi.ValidationProvider (OnResourceCondition)

   ValidationAutoConfiguration#defaultValidator matched:
      - @ConditionalOnMissingBean (types: jakarta.validation.Validator; SearchStrategy: all) did not find any beans (OnBeanCondition)

   ValidationAutoConfiguration#methodValidationPostProcessor matched:
      - @ConditionalOnMissingBean (types: org.springframework.validation.beanvalidation.MethodValidationPostProcessor; SearchStrategy: current) did not find any beans (OnBeanCondition)

   WebMvcAutoConfiguration matched:
      - @ConditionalOnClass found required classes 'jakarta.servlet.Servlet', 'org.springframework.web.servlet.DispatcherServlet', 'org.springframework.web.servlet.config.annotation.WebMvcConfigurer' (OnClassCondition)
      - found 'session' scope (OnWebApplicationCondition)
      - @ConditionalOnMissingBean (types: org.springframework.web.servlet.config.annotation.WebMvcConfigurationSupport; SearchStrategy: all) did not find any beans (OnBeanCondition)

   WebMvcAutoConfiguration#formContentFilter matched:
      - @ConditionalOnBooleanProperty (spring.mvc.formcontent.filter.enabled=true) matched (OnPropertyCondition)
      - @ConditionalOnMissingBean (types: org.springframework.web.filter.FormContentFilter; SearchStrategy: all) did not find any beans (OnBeanCondition)

   WebMvcAutoConfiguration.EnableWebMvcConfiguration#flashMapManager matched:
      - @ConditionalOnMissingBean (names: flashMapManager; SearchStrategy: all) did not find any beans (OnBeanCondition)

   WebMvcAutoConfiguration.EnableWebMvcConfiguration#localeResolver matched:
      - @ConditionalOnMissingBean (names: localeResolver; SearchStrategy: all) did not find any beans (OnBeanCondition)

   WebMvcAutoConfiguration.EnableWebMvcConfiguration#themeResolver matched:
      - @ConditionalOnMissingBean (names: themeResolver; SearchStrategy: all) did not find any beans (OnBeanCondition)

   WebMvcAutoConfiguration.EnableWebMvcConfiguration#viewNameTranslator matched:
      - @ConditionalOnMissingBean (names: viewNameTranslator; SearchStrategy: all) did not find any beans (OnBeanCondition)

   WebMvcAutoConfiguration.WebMvcAutoConfigurationAdapter#defaultViewResolver matched:
      - @ConditionalOnMissingBean (types: org.springframework.web.servlet.view.InternalResourceViewResolver; SearchStrategy: all) did not find any beans (OnBeanCondition)

   WebMvcAutoConfiguration.WebMvcAutoConfigurationAdapter#requestContextFilter matched:
      - @ConditionalOnMissingBean (types: org.springframework.web.context.request.RequestContextListener,org.springframework.web.filter.RequestContextFilter; SearchStrategy: all) did not find any beans (OnBeanCondition)

   WebMvcAutoConfiguration.WebMvcAutoConfigurationAdapter#viewResolver matched:
      - @ConditionalOnBean (types: org.springframework.web.servlet.ViewResolver; SearchStrategy: all) found beans 'defaultViewResolver', 'beanNameViewResolver', 'mvcViewResolver'; @ConditionalOnMissingBean (names: viewResolver types: org.springframework.web.servlet.view.ContentNegotiatingViewResolver; SearchStrategy: all) did not find any beans (OnBeanCondition)

   WebSocketServletAutoConfiguration matched:
      - @ConditionalOnClass found required classes 'jakarta.servlet.Servlet', 'jakarta.websocket.server.ServerContainer' (OnClassCondition)
      - found 'session' scope (OnWebApplicationCondition)

   WebSocketServletAutoConfiguration.TomcatWebSocketConfiguration matched:
      - @ConditionalOnClass found required classes 'org.apache.catalina.startup.Tomcat', 'org.apache.tomcat.websocket.server.WsSci' (OnClassCondition)

   WebSocketServletAutoConfiguration.TomcatWebSocketConfiguration#websocketServletWebServerCustomizer matched:
      - @ConditionalOnMissingBean (names: websocketServletWebServerCustomizer; SearchStrategy: all) did not find any beans (OnBeanCondition)


Negative matches:
-----------------

   ActiveMQAutoConfiguration:
      Did not match:
         - @ConditionalOnClass did not find required class 'jakarta.jms.ConnectionFactory' (OnClassCondition)

   AopAutoConfiguration.AspectJAutoProxyingConfiguration.JdkDynamicAutoProxyConfiguration:
      Did not match:
         - @ConditionalOnBooleanProperty (spring.aop.proxy-target-class=false) did not find property 'spring.aop.proxy-target-class' (OnPropertyCondition)

   AopAutoConfiguration.ClassProxyingConfiguration:
      Did not match:
         - @ConditionalOnMissingClass found unwanted class 'org.aspectj.weaver.Advice' (OnClassCondition)

   ArtemisAutoConfiguration:
      Did not match:
         - @ConditionalOnClass did not find required class 'jakarta.jms.ConnectionFactory' (OnClassCondition)

   BatchAutoConfiguration:
      Did not match:
         - @ConditionalOnClass did not find required class 'org.springframework.batch.core.launch.JobLauncher' (OnClassCondition)

   Cache2kCacheConfiguration:
      Did not match:
         - @ConditionalOnClass did not find required class 'org.cache2k.Cache2kBuilder' (OnClassCondition)

   CacheAutoConfiguration:
      Did not match:
         - @ConditionalOnBean (types: org.springframework.cache.interceptor.CacheAspectSupport; SearchStrategy: all) did not find any beans of type org.springframework.cache.interceptor.CacheAspectSupport (OnBeanCondition)
      Matched:
         - @ConditionalOnClass found required class 'org.springframework.cache.CacheManager' (OnClassCondition)

   CacheAutoConfiguration.CacheManagerEntityManagerFactoryDependsOnPostProcessor:
      Did not match:
         - Ancestor org.springframework.boot.autoconfigure.cache.CacheAutoConfiguration did not match (ConditionEvaluationReport.AncestorsMatchedCondition)
      Matched:
         - @ConditionalOnClass found required class 'org.springframework.orm.jpa.LocalContainerEntityManagerFactoryBean' (OnClassCondition)

   CaffeineCacheConfiguration:
      Did not match:
         - @ConditionalOnClass did not find required class 'com.github.benmanes.caffeine.cache.Caffeine' (OnClassCondition)

   CassandraAutoConfiguration:
      Did not match:
         - @ConditionalOnClass did not find required class 'com.datastax.oss.driver.api.core.CqlSession' (OnClassCondition)

   CassandraDataAutoConfiguration:
      Did not match:
         - @ConditionalOnClass did not find required class 'com.datastax.oss.driver.api.core.CqlSession' (OnClassCondition)

   CassandraReactiveDataAutoConfiguration:
      Did not match:
         - @ConditionalOnClass did not find required class 'com.datastax.oss.driver.api.core.CqlSession' (OnClassCondition)

   CassandraReactiveRepositoriesAutoConfiguration:
      Did not match:
         - @ConditionalOnClass did not find required class 'org.springframework.data.cassandra.ReactiveSession' (OnClassCondition)

   CassandraRepositoriesAutoConfiguration:
      Did not match:
         - @ConditionalOnClass did not find required class 'com.datastax.oss.driver.api.core.CqlSession' (OnClassCondition)

   org.springframework.boot.autoconfigure.http.client.reactive.ClientHttpConnectorAutoConfiguration:
      Did not match:
         - @ConditionalOnClass did not find required class 'reactor.core.publisher.Mono' (OnClassCondition)

   org.springframework.boot.autoconfigure.web.reactive.function.client.ClientHttpConnectorAutoConfiguration:
      Did not match:
         - @ConditionalOnClass did not find required class 'org.springframework.web.reactive.function.client.WebClient' (OnClassCondition)

   CodecsAutoConfiguration:
      Did not match:
         - @ConditionalOnClass did not find required class 'org.springframework.web.reactive.function.client.WebClient' (OnClassCondition)

   CouchbaseAutoConfiguration:
      Did not match:
         - @ConditionalOnClass did not find required class 'com.couchbase.client.java.Cluster' (OnClassCondition)

   CouchbaseCacheConfiguration:
      Did not match:
         - @ConditionalOnClass did not find required class 'com.couchbase.client.java.Cluster' (OnClassCondition)

   CouchbaseDataAutoConfiguration:
      Did not match:
         - @ConditionalOnClass did not find required class 'com.couchbase.client.java.Bucket' (OnClassCondition)

   CouchbaseReactiveDataAutoConfiguration:
      Did not match:
         - @ConditionalOnClass did not find required class 'com.couchbase.client.java.Cluster' (OnClassCondition)

   CouchbaseReactiveRepositoriesAutoConfiguration:
      Did not match:
         - @ConditionalOnClass did not find required class 'com.couchbase.client.java.Cluster' (OnClassCondition)

   CouchbaseRepositoriesAutoConfiguration:
      Did not match:
         - @ConditionalOnClass did not find required class 'com.couchbase.client.java.Bucket' (OnClassCondition)

   DataSourceAutoConfiguration.EmbeddedDatabaseConfiguration:
      Did not match:
         - EmbeddedDataSource spring.datasource.url is set (DataSourceAutoConfiguration.EmbeddedDatabaseCondition)

   DataSourceCheckpointRestoreConfiguration:
      Did not match:
         - @ConditionalOnClass did not find required class 'org.crac.Resource' (OnClassCondition)

   DataSourceConfiguration.Dbcp2:
      Did not match:
         - @ConditionalOnClass did not find required class 'org.apache.commons.dbcp2.BasicDataSource' (OnClassCondition)

   DataSourceConfiguration.Generic:
      Did not match:
         - @ConditionalOnProperty (spring.datasource.type) did not find property 'spring.datasource.type' (OnPropertyCondition)

   DataSourceConfiguration.OracleUcp:
      Did not match:
         - @ConditionalOnClass did not find required classes 'oracle.ucp.jdbc.PoolDataSourceImpl', 'oracle.jdbc.OracleConnection' (OnClassCondition)

   DataSourceConfiguration.Tomcat:
      Did not match:
         - @ConditionalOnClass did not find required class 'org.apache.tomcat.jdbc.pool.DataSource' (OnClassCondition)

   DataSourceJmxConfiguration:
      Did not match:
         - @ConditionalOnBooleanProperty (spring.jmx.enabled=true) did not find property 'spring.jmx.enabled' (OnPropertyCondition)

   DataSourcePoolMetadataProvidersConfiguration.CommonsDbcp2PoolDataSourceMetadataProviderConfiguration:
      Did not match:
         - @ConditionalOnClass did not find required class 'org.apache.commons.dbcp2.BasicDataSource' (OnClassCondition)

   DataSourcePoolMetadataProvidersConfiguration.OracleUcpPoolDataSourceMetadataProviderConfiguration:
      Did not match:
         - @ConditionalOnClass did not find required classes 'oracle.ucp.jdbc.PoolDataSource', 'oracle.jdbc.OracleConnection' (OnClassCondition)

   DataSourcePoolMetadataProvidersConfiguration.TomcatDataSourcePoolMetadataProviderConfiguration:
      Did not match:
         - @ConditionalOnClass did not find required class 'org.apache.tomcat.jdbc.pool.DataSource' (OnClassCondition)

   DataSourceTransactionManagerAutoConfiguration.JdbcTransactionManagerConfiguration#transactionManager:
      Did not match:
         - @ConditionalOnMissingBean (types: org.springframework.transaction.TransactionManager; SearchStrategy: all) found beans of type 'org.springframework.transaction.TransactionManager' transactionManager (OnBeanCondition)

   DevToolsR2dbcAutoConfiguration:
      Did not match:
         - @ConditionalOnClass did not find required class 'io.r2dbc.spi.ConnectionFactory' (OnClassCondition)

   DispatcherServletAutoConfiguration.DispatcherServletConfiguration#multipartResolver:
      Did not match:
         - @ConditionalOnBean (types: org.springframework.web.multipart.MultipartResolver; SearchStrategy: all) did not find any beans of type org.springframework.web.multipart.MultipartResolver (OnBeanCondition)

   ElasticsearchClientAutoConfiguration:
      Did not match:
         - @ConditionalOnClass did not find required class 'co.elastic.clients.elasticsearch.ElasticsearchClient' (OnClassCondition)

   ElasticsearchDataAutoConfiguration:
      Did not match:
         - @ConditionalOnClass did not find required class 'org.springframework.data.elasticsearch.client.elc.ElasticsearchTemplate' (OnClassCondition)

   ElasticsearchRepositoriesAutoConfiguration:
      Did not match:
         - @ConditionalOnClass did not find required class 'org.springframework.data.elasticsearch.repository.ElasticsearchRepository' (OnClassCondition)

   ElasticsearchRestClientAutoConfiguration:
      Did not match:
         - @ConditionalOnClass did not find required class 'org.elasticsearch.client.RestClientBuilder' (OnClassCondition)

   EmbeddedLdapAutoConfiguration:
      Did not match:
         - @ConditionalOnClass did not find required class 'com.unboundid.ldap.listener.InMemoryDirectoryServer' (OnClassCondition)

   EmbeddedWebServerFactoryCustomizerAutoConfiguration.JettyWebServerFactoryCustomizerConfiguration:
      Did not match:
         - @ConditionalOnClass did not find required classes 'org.eclipse.jetty.server.Server', 'org.eclipse.jetty.util.Loader', 'org.eclipse.jetty.ee10.webapp.WebAppContext' (OnClassCondition)

   EmbeddedWebServerFactoryCustomizerAutoConfiguration.NettyWebServerFactoryCustomizerConfiguration:
      Did not match:
         - @ConditionalOnClass did not find required class 'reactor.netty.http.server.HttpServer' (OnClassCondition)

   EmbeddedWebServerFactoryCustomizerAutoConfiguration.TomcatWebServerFactoryCustomizerConfiguration#tomcatVirtualThreadsProtocolHandlerCustomizer:
      Did not match:
         - @ConditionalOnThreading did not find VIRTUAL (OnThreadingCondition)

   EmbeddedWebServerFactoryCustomizerAutoConfiguration.UndertowWebServerFactoryCustomizerConfiguration:
      Did not match:
         - @ConditionalOnClass did not find required classes 'io.undertow.Undertow', 'org.xnio.SslClientAuthMode' (OnClassCondition)

   ErrorWebFluxAutoConfiguration:
      Did not match:
         - @ConditionalOnClass did not find required class 'org.springframework.web.reactive.config.WebFluxConfigurer' (OnClassCondition)

   FlywayAutoConfiguration:
      Did not match:
         - @ConditionalOnClass did not find required class 'org.flywaydb.core.Flyway' (OnClassCondition)

   FreeMarkerAutoConfiguration:
      Did not match:
         - @ConditionalOnClass did not find required class 'freemarker.template.Configuration' (OnClassCondition)

   GraphQlAutoConfiguration:
      Did not match:
         - @ConditionalOnClass did not find required class 'graphql.GraphQL' (OnClassCondition)

   GraphQlQueryByExampleAutoConfiguration:
      Did not match:
         - @ConditionalOnClass did not find required class 'graphql.GraphQL' (OnClassCondition)

   GraphQlQuerydslAutoConfiguration:
      Did not match:
         - @ConditionalOnClass did not find required class 'com.querydsl.core.Query' (OnClassCondition)

   GraphQlRSocketAutoConfiguration:
      Did not match:
         - @ConditionalOnClass did not find required class 'graphql.GraphQL' (OnClassCondition)

   GraphQlReactiveQueryByExampleAutoConfiguration:
      Did not match:
         - @ConditionalOnClass did not find required class 'graphql.GraphQL' (OnClassCondition)

   GraphQlReactiveQuerydslAutoConfiguration:
      Did not match:
         - @ConditionalOnClass did not find required class 'com.querydsl.core.Query' (OnClassCondition)

   GraphQlWebFluxAutoConfiguration:
      Did not match:
         - @ConditionalOnClass did not find required class 'graphql.GraphQL' (OnClassCondition)

   GraphQlWebFluxSecurityAutoConfiguration:
      Did not match:
         - @ConditionalOnClass did not find required class 'graphql.GraphQL' (OnClassCondition)

   GraphQlWebMvcAutoConfiguration:
      Did not match:
         - @ConditionalOnClass did not find required class 'graphql.GraphQL' (OnClassCondition)

   GraphQlWebMvcSecurityAutoConfiguration:
      Did not match:
         - @ConditionalOnClass did not find required class 'graphql.GraphQL' (OnClassCondition)

   GroovyTemplateAutoConfiguration:
      Did not match:
         - @ConditionalOnClass did not find required class 'groovy.text.markup.MarkupTemplateEngine' (OnClassCondition)

   GsonAutoConfiguration:
      Did not match:
         - @ConditionalOnClass did not find required class 'com.google.gson.Gson' (OnClassCondition)

   GsonHttpMessageConvertersConfiguration:
      Did not match:
         - @ConditionalOnClass did not find required class 'com.google.gson.Gson' (OnClassCondition)

   H2ConsoleAutoConfiguration:
      Did not match:
         - @ConditionalOnClass did not find required class 'org.h2.server.web.JakartaWebServlet' (OnClassCondition)

   HazelcastAutoConfiguration:
      Did not match:
         - @ConditionalOnClass did not find required class 'com.hazelcast.core.HazelcastInstance' (OnClassCondition)

   HazelcastCacheConfiguration:
      Did not match:
         - @ConditionalOnClass did not find required class 'com.hazelcast.core.HazelcastInstance' (OnClassCondition)

   HazelcastJpaDependencyAutoConfiguration:
      Did not match:
         - @ConditionalOnClass did not find required class 'com.hazelcast.core.HazelcastInstance' (OnClassCondition)

   HttpHandlerAutoConfiguration:
      Did not match:
         - @ConditionalOnClass did not find required class 'org.springframework.web.reactive.DispatcherHandler' (OnClassCondition)

   HypermediaAutoConfiguration:
      Did not match:
         - @ConditionalOnClass did not find required class 'org.springframework.hateoas.EntityModel' (OnClassCondition)

   InfinispanCacheConfiguration:
      Did not match:
         - @ConditionalOnClass did not find required class 'org.infinispan.spring.embedded.provider.SpringEmbeddedCacheManager' (OnClassCondition)

   IntegrationAutoConfiguration:
      Did not match:
         - @ConditionalOnClass did not find required class 'org.springframework.integration.config.EnableIntegration' (OnClassCondition)

   JCacheCacheConfiguration:
      Did not match:
         - @ConditionalOnClass did not find required class 'javax.cache.Caching' (OnClassCondition)

   JacksonHttpMessageConvertersConfiguration.MappingJackson2XmlHttpMessageConverterConfiguration:
      Did not match:
         - @ConditionalOnClass did not find required class 'com.fasterxml.jackson.dataformat.xml.XmlMapper' (OnClassCondition)

   JdbcRepositoriesAutoConfiguration:
      Did not match:
         - @ConditionalOnClass did not find required class 'org.springframework.data.jdbc.repository.config.AbstractJdbcConfiguration' (OnClassCondition)

   JerseyAutoConfiguration:
      Did not match:
         - @ConditionalOnClass did not find required class 'org.glassfish.jersey.server.spring.SpringComponentProvider' (OnClassCondition)

   JmsAutoConfiguration:
      Did not match:
         - @ConditionalOnClass did not find required class 'jakarta.jms.Message' (OnClassCondition)

   JmxAutoConfiguration:
      Did not match:
         - @ConditionalOnBooleanProperty (spring.jmx.enabled=true) did not find property 'spring.jmx.enabled' (OnPropertyCondition)
      Matched:
         - @ConditionalOnClass found required class 'org.springframework.jmx.export.MBeanExporter' (OnClassCondition)

   JndiConnectionFactoryAutoConfiguration:
      Did not match:
         - @ConditionalOnClass did not find required class 'org.springframework.jms.core.JmsTemplate' (OnClassCondition)

   JndiDataSourceAutoConfiguration:
      Did not match:
         - @ConditionalOnProperty (spring.datasource.jndi-name) did not find property 'spring.datasource.jndi-name' (OnPropertyCondition)
      Matched:
         - @ConditionalOnClass found required classes 'javax.sql.DataSource', 'org.springframework.jdbc.datasource.embedded.EmbeddedDatabaseType' (OnClassCondition)

   JndiJtaConfiguration:
      Did not match:
         - @ConditionalOnJndi JNDI environment is not available (OnJndiCondition)
      Matched:
         - @ConditionalOnClass found required class 'org.springframework.transaction.jta.JtaTransactionManager' (OnClassCondition)

   JooqAutoConfiguration:
      Did not match:
         - @ConditionalOnClass did not find required class 'org.jooq.DSLContext' (OnClassCondition)

   JpaRepositoriesAutoConfiguration#entityManagerFactoryBootstrapExecutorCustomizer:
      Did not match:
         - AnyNestedCondition 0 matched 2 did not; NestedCondition on JpaRepositoriesAutoConfiguration.BootstrapExecutorCondition.LazyBootstrapMode @ConditionalOnProperty (spring.data.jpa.repositories.bootstrap-mode=lazy) did not find property 'spring.data.jpa.repositories.bootstrap-mode'; NestedCondition on JpaRepositoriesAutoConfiguration.BootstrapExecutorCondition.DeferredBootstrapMode @ConditionalOnProperty (spring.data.jpa.repositories.bootstrap-mode=deferred) did not find property 'spring.data.jpa.repositories.bootstrap-mode' (JpaRepositoriesAutoConfiguration.BootstrapExecutorCondition)

   JsonbAutoConfiguration:
      Did not match:
         - @ConditionalOnClass did not find required class 'jakarta.json.bind.Jsonb' (OnClassCondition)

   JsonbHttpMessageConvertersConfiguration:
      Did not match:
         - @ConditionalOnClass did not find required class 'jakarta.json.bind.Jsonb' (OnClassCondition)

   KafkaAutoConfiguration:
      Did not match:
         - @ConditionalOnClass did not find required class 'org.springframework.kafka.core.KafkaTemplate' (OnClassCondition)

   LdapAutoConfiguration:
      Did not match:
         - @ConditionalOnClass did not find required class 'org.springframework.ldap.core.ContextSource' (OnClassCondition)

   LdapRepositoriesAutoConfiguration:
      Did not match:
         - @ConditionalOnClass did not find required class 'org.springframework.data.ldap.repository.LdapRepository' (OnClassCondition)

   LiquibaseAutoConfiguration:
      Did not match:
         - @ConditionalOnClass did not find required class 'liquibase.change.DatabaseChange' (OnClassCondition)

   MailSenderAutoConfiguration:
      Did not match:
         - @ConditionalOnClass did not find required class 'jakarta.mail.internet.MimeMessage' (OnClassCondition)

   MailSenderValidatorAutoConfiguration:
      Did not match:
         - @ConditionalOnSingleCandidate did not find required type 'org.springframework.mail.javamail.JavaMailSenderImpl' (OnBeanCondition)

   MessageSourceAutoConfiguration:
      Did not match:
         - ResourceBundle did not find bundle with basename messages (MessageSourceAutoConfiguration.ResourceBundleCondition)

   MongoAutoConfiguration:
      Did not match:
         - @ConditionalOnClass did not find required class 'com.mongodb.client.MongoClient' (OnClassCondition)

   MongoDataAutoConfiguration:
      Did not match:
         - @ConditionalOnClass did not find required class 'com.mongodb.client.MongoClient' (OnClassCondition)

   MongoReactiveAutoConfiguration:
      Did not match:
         - @ConditionalOnClass did not find required class 'com.mongodb.reactivestreams.client.MongoClient' (OnClassCondition)

   MongoReactiveDataAutoConfiguration:
      Did not match:
         - @ConditionalOnClass did not find required class 'com.mongodb.reactivestreams.client.MongoClient' (OnClassCondition)

   MongoReactiveRepositoriesAutoConfiguration:
      Did not match:
         - @ConditionalOnClass did not find required class 'com.mongodb.reactivestreams.client.MongoClient' (OnClassCondition)

   MongoRepositoriesAutoConfiguration:
      Did not match:
         - @ConditionalOnClass did not find required class 'com.mongodb.client.MongoClient' (OnClassCondition)

   MustacheAutoConfiguration:
      Did not match:
         - @ConditionalOnClass did not find required class 'com.samskivert.mustache.Mustache' (OnClassCondition)

   Neo4jAutoConfiguration:
      Did not match:
         - @ConditionalOnClass did not find required class 'org.neo4j.driver.Driver' (OnClassCondition)

   Neo4jDataAutoConfiguration:
      Did not match:
         - @ConditionalOnClass did not find required class 'org.neo4j.driver.Driver' (OnClassCondition)

   Neo4jReactiveDataAutoConfiguration:
      Did not match:
         - @ConditionalOnClass did not find required class 'org.neo4j.driver.Driver' (OnClassCondition)

   Neo4jReactiveRepositoriesAutoConfiguration:
      Did not match:
         - @ConditionalOnClass did not find required class 'org.neo4j.driver.Driver' (OnClassCondition)

   Neo4jRepositoriesAutoConfiguration:
      Did not match:
         - @ConditionalOnClass did not find required class 'org.neo4j.driver.Driver' (OnClassCondition)

   NettyAutoConfiguration:
      Did not match:
         - @ConditionalOnClass did not find required class 'io.netty.util.NettyRuntime' (OnClassCondition)

   OAuth2AuthorizationServerAutoConfiguration:
      Did not match:
         - @ConditionalOnClass did not find required class 'org.springframework.security.oauth2.server.authorization.OAuth2Authorization' (OnClassCondition)

   OAuth2AuthorizationServerJwtAutoConfiguration:
      Did not match:
         - @ConditionalOnClass did not find required class 'com.nimbusds.jose.jwk.source.JWKSource' (OnClassCondition)

   OAuth2ClientAutoConfiguration:
      Did not match:
         - @ConditionalOnClass did not find required class 'org.springframework.security.oauth2.client.registration.ClientRegistration' (OnClassCondition)

   OAuth2ClientWebSecurityAutoConfiguration:
      Did not match:
         - @ConditionalOnClass did not find required class 'org.springframework.security.config.annotation.web.configuration.EnableWebSecurity' (OnClassCondition)

   OAuth2ResourceServerAutoConfiguration:
      Did not match:
         - @ConditionalOnClass did not find required class 'org.springframework.security.oauth2.server.resource.authentication.BearerTokenAuthenticationToken' (OnClassCondition)

   ProjectInfoAutoConfiguration#buildProperties:
      Did not match:
         - @ConditionalOnResource did not find resource '${spring.info.build.location:classpath:META-INF/build-info.properties}' (OnResourceCondition)

   ProjectInfoAutoConfiguration#gitProperties:
      Did not match:
         - GitResource did not find git info at classpath:git.properties (ProjectInfoAutoConfiguration.GitResourceAvailableCondition)

   PulsarAutoConfiguration:
      Did not match:
         - @ConditionalOnClass did not find required class 'org.apache.pulsar.client.api.PulsarClient' (OnClassCondition)

   PulsarReactiveAutoConfiguration:
      Did not match:
         - @ConditionalOnClass did not find required class 'org.apache.pulsar.client.api.PulsarClient' (OnClassCondition)

   QuartzAutoConfiguration:
      Did not match:
         - @ConditionalOnClass did not find required class 'org.quartz.Scheduler' (OnClassCondition)

   R2dbcAutoConfiguration:
      Did not match:
         - @ConditionalOnClass did not find required class 'io.r2dbc.spi.ConnectionFactory' (OnClassCondition)

   R2dbcDataAutoConfiguration:
      Did not match:
         - @ConditionalOnClass did not find required class 'org.springframework.data.r2dbc.core.R2dbcEntityTemplate' (OnClassCondition)

   R2dbcInitializationConfiguration:
      Did not match:
         - @ConditionalOnClass did not find required classes 'io.r2dbc.spi.ConnectionFactory', 'org.springframework.r2dbc.connection.init.DatabasePopulator' (OnClassCondition)

   R2dbcProxyAutoConfiguration:
      Did not match:
         - @ConditionalOnClass did not find required class 'io.r2dbc.proxy.ProxyConnectionFactory' (OnClassCondition)

   R2dbcRepositoriesAutoConfiguration:
      Did not match:
         - @ConditionalOnClass did not find required class 'io.r2dbc.spi.ConnectionFactory' (OnClassCondition)

   R2dbcTransactionManagerAutoConfiguration:
      Did not match:
         - @ConditionalOnClass did not find required class 'org.springframework.r2dbc.connection.R2dbcTransactionManager' (OnClassCondition)

   RSocketGraphQlClientAutoConfiguration:
      Did not match:
         - @ConditionalOnClass did not find required class 'graphql.GraphQL' (OnClassCondition)

   RSocketMessagingAutoConfiguration:
      Did not match:
         - @ConditionalOnClass did not find required class 'io.rsocket.RSocket' (OnClassCondition)

   RSocketRequesterAutoConfiguration:
      Did not match:
         - @ConditionalOnClass did not find required class 'io.rsocket.RSocket' (OnClassCondition)

   RSocketSecurityAutoConfiguration:
      Did not match:
         - @ConditionalOnClass did not find required class 'org.springframework.security.rsocket.core.SecuritySocketAcceptorInterceptor' (OnClassCondition)

   RSocketServerAutoConfiguration:
      Did not match:
         - @ConditionalOnClass did not find required class 'io.rsocket.core.RSocketServer' (OnClassCondition)

   RSocketStrategiesAutoConfiguration:
      Did not match:
         - @ConditionalOnClass did not find required class 'io.netty.buffer.PooledByteBufAllocator' (OnClassCondition)

   RabbitAutoConfiguration:
      Did not match:
         - @ConditionalOnClass did not find required class 'com.rabbitmq.client.Channel' (OnClassCondition)

   ReactiveElasticsearchClientAutoConfiguration:
      Did not match:
         - @ConditionalOnClass did not find required class 'co.elastic.clients.transport.ElasticsearchTransport' (OnClassCondition)

   ReactiveElasticsearchRepositoriesAutoConfiguration:
      Did not match:
         - @ConditionalOnClass did not find required class 'reactor.core.publisher.Mono' (OnClassCondition)

   ReactiveMultipartAutoConfiguration:
      Did not match:
         - @ConditionalOnClass did not find required class 'org.springframework.web.reactive.config.WebFluxConfigurer' (OnClassCondition)

   ReactiveOAuth2ClientAutoConfiguration:
      Did not match:
         - @ConditionalOnClass did not find required class 'reactor.core.publisher.Flux' (OnClassCondition)

   ReactiveOAuth2ClientWebSecurityAutoConfiguration:
      Did not match:
         - @ConditionalOnClass did not find required class 'reactor.core.publisher.Flux' (OnClassCondition)

   ReactiveOAuth2ResourceServerAutoConfiguration:
      Did not match:
         - @ConditionalOnClass did not find required class 'org.springframework.security.config.annotation.web.reactive.EnableWebFluxSecurity' (OnClassCondition)

   ReactiveSecurityAutoConfiguration:
      Did not match:
         - @ConditionalOnClass did not find required class 'reactor.core.publisher.Flux' (OnClassCondition)

   ReactiveUserDetailsServiceAutoConfiguration:
      Did not match:
         - @ConditionalOnClass did not find required class 'org.springframework.security.authentication.ReactiveAuthenticationManager' (OnClassCondition)

   ReactiveWebServerFactoryAutoConfiguration:
      Did not match:
         - @ConditionalOnWebApplication did not find reactive web application classes (OnWebApplicationCondition)

   ReactorAutoConfiguration:
      Did not match:
         - @ConditionalOnClass did not find required class 'reactor.core.publisher.Hooks' (OnClassCondition)

   RedisAutoConfiguration:
      Did not match:
         - @ConditionalOnClass did not find required class 'org.springframework.data.redis.core.RedisOperations' (OnClassCondition)

   RedisCacheConfiguration:
      Did not match:
         - @ConditionalOnClass did not find required class 'org.springframework.data.redis.connection.RedisConnectionFactory' (OnClassCondition)

   RedisReactiveAutoConfiguration:
      Did not match:
         - @ConditionalOnClass did not find required class 'reactor.core.publisher.Flux' (OnClassCondition)

   RedisRepositoriesAutoConfiguration:
      Did not match:
         - @ConditionalOnClass did not find required class 'org.springframework.data.redis.repository.configuration.EnableRedisRepositories' (OnClassCondition)

   RemoteDevToolsAutoConfiguration:
      Did not match:
         - @ConditionalOnProperty (spring.devtools.remote.secret) did not find property 'spring.devtools.remote.secret' (OnPropertyCondition)
      Matched:
         - @ConditionalOnClass found required classes 'jakarta.servlet.Filter', 'org.springframework.http.server.ServerHttpRequest' (OnClassCondition)

   RepositoryRestMvcAutoConfiguration:
      Did not match:
         - @ConditionalOnClass did not find required class 'org.springframework.data.rest.webmvc.config.RepositoryRestMvcConfiguration' (OnClassCondition)

   Saml2RelyingPartyAutoConfiguration:
      Did not match:
         - @ConditionalOnClass did not find required class 'org.springframework.security.saml2.provider.service.registration.RelyingPartyRegistrationRepository' (OnClassCondition)

   SecurityAutoConfiguration:
      Did not match:
         - @ConditionalOnClass did not find required class 'org.springframework.security.authentication.DefaultAuthenticationEventPublisher' (OnClassCondition)

   SecurityFilterAutoConfiguration:
      Did not match:
         - @ConditionalOnClass did not find required class 'org.springframework.security.config.http.SessionCreationPolicy' (OnClassCondition)

   SendGridAutoConfiguration:
      Did not match:
         - @ConditionalOnClass did not find required class 'com.sendgrid.SendGrid' (OnClassCondition)

   ServletWebServerFactoryAutoConfiguration.ForwardedHeaderFilterConfiguration:
      Did not match:
         - @ConditionalOnProperty (server.forward-headers-strategy=framework) did not find property 'server.forward-headers-strategy' (OnPropertyCondition)

   ServletWebServerFactoryConfiguration.EmbeddedJetty:
      Did not match:
         - @ConditionalOnClass did not find required classes 'org.eclipse.jetty.server.Server', 'org.eclipse.jetty.util.Loader', 'org.eclipse.jetty.ee10.webapp.WebAppContext' (OnClassCondition)

   ServletWebServerFactoryConfiguration.EmbeddedUndertow:
      Did not match:
         - @ConditionalOnClass did not find required classes 'io.undertow.Undertow', 'org.xnio.SslClientAuthMode' (OnClassCondition)

   SessionAutoConfiguration:
      Did not match:
         - @ConditionalOnClass did not find required class 'org.springframework.session.Session' (OnClassCondition)

   SpringApplicationAdminJmxAutoConfiguration:
      Did not match:
         - @ConditionalOnBooleanProperty (spring.application.admin.enabled=true) did not find property 'spring.application.admin.enabled' (OnPropertyCondition)

   TaskExecutorConfigurations.SimpleAsyncTaskExecutorBuilderConfiguration#simpleAsyncTaskExecutorBuilderVirtualThreads:
      Did not match:
         - @ConditionalOnMissingBean (types: org.springframework.boot.task.SimpleAsyncTaskExecutorBuilder; SearchStrategy: all) found beans of type 'org.springframework.boot.task.SimpleAsyncTaskExecutorBuilder' simpleAsyncTaskExecutorBuilder (OnBeanCondition)

   TaskExecutorConfigurations.TaskExecutorConfiguration#applicationTaskExecutorVirtualThreads:
      Did not match:
         - @ConditionalOnThreading did not find VIRTUAL (OnThreadingCondition)

   TaskSchedulingAutoConfiguration#scheduledBeanLazyInitializationExcludeFilter:
      Did not match:
         - @ConditionalOnBean (names: org.springframework.context.annotation.internalScheduledAnnotationProcessor; SearchStrategy: all) did not find any beans named org.springframework.context.annotation.internalScheduledAnnotationProcessor (OnBeanCondition)

   TaskSchedulingConfigurations.SimpleAsyncTaskSchedulerBuilderConfiguration#simpleAsyncTaskSchedulerBuilderVirtualThreads:
      Did not match:
         - @ConditionalOnMissingBean (types: org.springframework.boot.task.SimpleAsyncTaskSchedulerBuilder; SearchStrategy: all) found beans of type 'org.springframework.boot.task.SimpleAsyncTaskSchedulerBuilder' simpleAsyncTaskSchedulerBuilder (OnBeanCondition)

   TaskSchedulingConfigurations.TaskSchedulerConfiguration:
      Did not match:
         - @ConditionalOnBean (names: org.springframework.context.annotation.internalScheduledAnnotationProcessor; SearchStrategy: all) did not find any beans named org.springframework.context.annotation.internalScheduledAnnotationProcessor (OnBeanCondition)

   ThymeleafAutoConfiguration:
      Did not match:
         - @ConditionalOnClass did not find required class 'org.thymeleaf.spring6.SpringTemplateEngine' (OnClassCondition)

   TransactionAutoConfiguration#transactionalOperator:
      Did not match:
         - @ConditionalOnSingleCandidate (types: org.springframework.transaction.ReactiveTransactionManager; SearchStrategy: all) did not find any beans (OnBeanCondition)

   TransactionAutoConfiguration.AspectJTransactionManagementConfiguration:
      Did not match:
         - @ConditionalOnBean (types: org.springframework.transaction.aspectj.AbstractTransactionAspect; SearchStrategy: all) did not find any beans of type org.springframework.transaction.aspectj.AbstractTransactionAspect (OnBeanCondition)

   TransactionAutoConfiguration.EnableTransactionManagementConfiguration.JdkDynamicAutoProxyConfiguration:
      Did not match:
         - @ConditionalOnBooleanProperty (spring.aop.proxy-target-class=false) did not find property 'spring.aop.proxy-target-class' (OnPropertyCondition)

   UserDetailsServiceAutoConfiguration:
      Did not match:
         - @ConditionalOnClass did not find required class 'org.springframework.security.authentication.AuthenticationManager' (OnClassCondition)

   WebClientAutoConfiguration:
      Did not match:
         - @ConditionalOnClass did not find required class 'org.springframework.web.reactive.function.client.WebClient' (OnClassCondition)

   WebFluxAutoConfiguration:
      Did not match:
         - @ConditionalOnClass did not find required class 'org.springframework.web.reactive.config.WebFluxConfigurer' (OnClassCondition)

   WebMvcAutoConfiguration#hiddenHttpMethodFilter:
      Did not match:
         - @ConditionalOnBooleanProperty (spring.mvc.hiddenmethod.filter.enabled=true) did not find property 'spring.mvc.hiddenmethod.filter.enabled' (OnPropertyCondition)

   WebMvcAutoConfiguration.ProblemDetailsErrorHandlingConfiguration:
      Did not match:
         - @ConditionalOnBooleanProperty (spring.mvc.problemdetails.enabled=true) did not find property 'spring.mvc.problemdetails.enabled' (OnPropertyCondition)

   WebMvcAutoConfiguration.ResourceChainCustomizerConfiguration:
      Did not match:
         - @ConditionalOnEnabledResourceChain did not find class org.webjars.WebJarVersionLocator (OnEnabledResourceChainCondition)

   WebMvcAutoConfiguration.WebMvcAutoConfigurationAdapter#beanNameViewResolver:
      Did not match:
         - @ConditionalOnMissingBean (types: org.springframework.web.servlet.view.BeanNameViewResolver; SearchStrategy: all) found beans of type 'org.springframework.web.servlet.view.BeanNameViewResolver' beanNameViewResolver (OnBeanCondition)

   WebServiceTemplateAutoConfiguration:
      Did not match:
         - @ConditionalOnClass did not find required class 'org.springframework.oxm.Marshaller' (OnClassCondition)

   WebServicesAutoConfiguration:
      Did not match:
         - @ConditionalOnClass did not find required class 'org.springframework.ws.transport.http.MessageDispatcherServlet' (OnClassCondition)

   WebSessionIdResolverAutoConfiguration:
      Did not match:
         - @ConditionalOnClass did not find required class 'reactor.core.publisher.Mono' (OnClassCondition)

   WebSocketMessagingAutoConfiguration:
      Did not match:
         - @ConditionalOnClass did not find required class 'org.springframework.web.socket.config.annotation.WebSocketMessageBrokerConfigurer' (OnClassCondition)

   WebSocketReactiveAutoConfiguration:
      Did not match:
         - @ConditionalOnWebApplication did not find reactive web application classes (OnWebApplicationCondition)

   WebSocketServletAutoConfiguration.JettyWebSocketConfiguration:
      Did not match:
         - @ConditionalOnClass did not find required class 'org.eclipse.jetty.ee10.websocket.jakarta.server.config.JakartaWebSocketServletContainerInitializer' (OnClassCondition)

   WebSocketServletAutoConfiguration.UndertowWebSocketConfiguration:
      Did not match:
         - @ConditionalOnClass did not find required class 'io.undertow.websockets.jsr.Bootstrap' (OnClassCondition)

   XADataSourceAutoConfiguration:
      Did not match:
         - @ConditionalOnBean (types: org.springframework.boot.jdbc.XADataSourceWrapper; SearchStrategy: all) did not find any beans of type org.springframework.boot.jdbc.XADataSourceWrapper (OnBeanCondition)
      Matched:
         - @ConditionalOnClass found required classes 'javax.sql.DataSource', 'jakarta.transaction.TransactionManager', 'org.springframework.jdbc.datasource.embedded.EmbeddedDatabaseType' (OnClassCondition)


Exclusions:
-----------

    None


Unconditional classes:
----------------------

    org.springframework.boot.autoconfigure.context.ConfigurationPropertiesAutoConfiguration

    org.springframework.boot.autoconfigure.ssl.SslAutoConfiguration

    org.springframework.boot.autoconfigure.context.LifecycleAutoConfiguration

    org.springframework.boot.autoconfigure.context.PropertyPlaceholderAutoConfiguration

    org.springframework.boot.autoconfigure.availability.ApplicationAvailabilityAutoConfiguration

    org.springframework.boot.autoconfigure.info.ProjectInfoAutoConfiguration



2026-05-31T18:23:24.409+07:00  INFO 3972 --- [  restartedMain] com.danangairport.BackendApplication     : Started BackendApplication in 0.654 seconds (process running for 120.786)
2026-05-31T18:23:24.409+07:00 DEBUG 3972 --- [  restartedMain] o.s.b.a.ApplicationAvailabilityBean      : Application availability state LivenessState changed to CORRECT
2026-05-31T18:23:24.410+07:00  INFO 3972 --- [  restartedMain] .ConditionEvaluationDeltaLoggingListener : Condition evaluation unchanged
2026-05-31T18:23:24.411+07:00 DEBUG 3972 --- [  restartedMain] o.s.b.a.ApplicationAvailabilityBean      : Application availability state ReadinessState changed to ACCEPTING_TRAFFIC
2026-05-31T18:23:52.222+07:00  INFO 3972 --- [nio-8080-exec-1] o.a.c.c.C.[Tomcat].[localhost].[/]       : Initializing Spring DispatcherServlet 'dispatcherServlet'
2026-05-31T18:23:52.222+07:00  INFO 3972 --- [nio-8080-exec-1] o.s.web.servlet.DispatcherServlet        : Initializing Servlet 'dispatcherServlet'
2026-05-31T18:23:52.222+07:00 DEBUG 3972 --- [nio-8080-exec-1] o.s.web.servlet.DispatcherServlet        : Detected StandardServletMultipartResolver
2026-05-31T18:23:52.224+07:00 DEBUG 3972 --- [nio-8080-exec-1] o.s.web.servlet.DispatcherServlet        : Detected AcceptHeaderLocaleResolver
2026-05-31T18:23:52.224+07:00 DEBUG 3972 --- [nio-8080-exec-1] o.s.web.servlet.DispatcherServlet        : Detected FixedThemeResolver
2026-05-31T18:23:52.225+07:00 DEBUG 3972 --- [nio-8080-exec-1] o.s.web.servlet.DispatcherServlet        : Detected org.springframework.web.servlet.view.DefaultRequestToViewNameTranslator@4e6b8078
2026-05-31T18:23:52.225+07:00 DEBUG 3972 --- [nio-8080-exec-1] o.s.web.servlet.DispatcherServlet        : Detected org.springframework.web.servlet.support.SessionFlashMapManager@45c3ff40
2026-05-31T18:23:52.225+07:00 DEBUG 3972 --- [nio-8080-exec-1] o.s.web.servlet.DispatcherServlet        : enableLoggingRequestDetails='false': request parameters and headers will be masked to prevent unsafe logging of potentially sensitive data
2026-05-31T18:23:52.226+07:00  INFO 3972 --- [nio-8080-exec-1] o.s.web.servlet.DispatcherServlet        : Completed initialization in 4 ms
2026-05-31T18:23:52.226+07:00 DEBUG 3972 --- [nio-8080-exec-1] o.s.web.servlet.DispatcherServlet        : GET "/api/customer/flights", parameters={}
2026-05-31T18:23:52.228+07:00 DEBUG 3972 --- [nio-8080-exec-1] s.w.s.m.m.a.RequestMappingHandlerMapping : Mapped to com.danangairport.controller.CustomerFlightController#layDanhSachChuyenBay(String, String, String, LocalDate)
2026-05-31T18:23:52.242+07:00 DEBUG 3972 --- [nio-8080-exec-1] o.s.jdbc.core.JdbcTemplate               : Executing prepared SQL query
2026-05-31T18:23:52.243+07:00 DEBUG 3972 --- [nio-8080-exec-1] o.s.jdbc.core.JdbcTemplate               : Executing prepared SQL statement [SELECT
    cb.MaChuyenBay,
    lt.MaLichTrinh,
    cb.SoHieuChuyenBay,
    hh.TenHangHangKhong,
    cb.LoaiChuyenBay,
    cb.DiemDi,
    cb.DiemDen,
    lt.NgayBay,
    lt.GioDuKienKhoiHanh,
    lt.GioDuKienHaCanh,
    lt.GioUocTinhKhoiHanh,
    lt.GioUocTinhHaCanh,
    lt.GioThucTeKhoiHanh,
    lt.GioThucTeHaCanh,
    lt.TrangThaiHienTai,
    lt.SoPhutCham,
    lt.LyDoChamHoacHuy,
    c.TenCong,
    c.TenNhaGa,
    bc.TenBangChuyenHanhLy,
    bc.TenNhaGaBangChuyen
FROM LICHTRINH lt
JOIN CHUYENBAY cb ON lt.MaChuyenBay = cb.MaChuyenBay
JOIN HANGHANGKHONG hh ON cb.MaHangHangKhong = hh.MaHangHangKhong
OUTER APPLY (
    SELECT TOP 1
        cg.TenCong,
        ng.TenNhaGa
    FROM PHANCONGCONG pcc
    JOIN CONG cg ON pcc.MaCong = cg.MaCong
    JOIN NHAGA ng ON cg.MaNhaGa = ng.MaNhaGa
    WHERE pcc.MaLichTrinh = lt.MaLichTrinh
      AND pcc.DangHienHanh = 1
    ORDER BY pcc.ThoiGianBatDauSuDung DESC
) c
OUTER APPLY (
    SELECT TOP 1
        bchl.TenBangChuyenHanhLy,
        ngbc.TenNhaGa AS TenNhaGaBangChuyen
    FROM PHANCONGBANGCHUYEN pcbc
    JOIN BANGCHUYENHANHLY bchl ON pcbc.MaBangChuyenHanhLy = bchl.MaBangChuyenHanhLy
    JOIN NHAGA ngbc ON bchl.MaNhaGa = ngbc.MaNhaGa
    WHERE pcbc.MaLichTrinh = lt.MaLichTrinh
      AND pcbc.DangHienHanh = 1
    ORDER BY pcbc.ThoiGianBatDauSuDung DESC
) bc
WHERE lt.TrangThaiHienTai <> ?
 ORDER BY lt.NgayBay DESC,
          COALESCE(lt.GioUocTinhKhoiHanh, lt.GioDuKienKhoiHanh) DESC
]
2026-05-31T18:23:52.267+07:00 DEBUG 3972 --- [nio-8080-exec-1] m.m.a.RequestResponseBodyMethodProcessor : Using 'application/json', given [*/*] and supported [application/json, application/*+json]
2026-05-31T18:23:52.271+07:00 DEBUG 3972 --- [nio-8080-exec-1] m.m.a.RequestResponseBodyMethodProcessor : Writing [[CustomerFlightDto[id=LT005, maLichTrinh=LT005, maChuyenBay=CB005, flightNo=KE462, airline=Korean Ai (truncated)...]
2026-05-31T18:23:52.278+07:00 DEBUG 3972 --- [nio-8080-exec-1] o.s.web.servlet.DispatcherServlet        : Completed 200 OK
2026-05-31T18:24:04.703+07:00 DEBUG 3972 --- [nio-8080-exec-2] o.s.web.servlet.DispatcherServlet        : GET "/api/customer/flights?type=DEN", parameters={masked}
2026-05-31T18:24:04.704+07:00 DEBUG 3972 --- [nio-8080-exec-2] s.w.s.m.m.a.RequestMappingHandlerMapping : Mapped to com.danangairport.controller.CustomerFlightController#layDanhSachChuyenBay(String, String, String, LocalDate)
2026-05-31T18:24:04.705+07:00 DEBUG 3972 --- [nio-8080-exec-2] o.s.jdbc.core.JdbcTemplate               : Executing prepared SQL query
2026-05-31T18:24:04.706+07:00 DEBUG 3972 --- [nio-8080-exec-2] o.s.jdbc.core.JdbcTemplate               : Executing prepared SQL statement [SELECT
    cb.MaChuyenBay,
    lt.MaLichTrinh,
    cb.SoHieuChuyenBay,
    hh.TenHangHangKhong,
    cb.LoaiChuyenBay,
    cb.DiemDi,
    cb.DiemDen,
    lt.NgayBay,
    lt.GioDuKienKhoiHanh,
    lt.GioDuKienHaCanh,
    lt.GioUocTinhKhoiHanh,
    lt.GioUocTinhHaCanh,
    lt.GioThucTeKhoiHanh,
    lt.GioThucTeHaCanh,
    lt.TrangThaiHienTai,
    lt.SoPhutCham,
    lt.LyDoChamHoacHuy,
    c.TenCong,
    c.TenNhaGa,
    bc.TenBangChuyenHanhLy,
    bc.TenNhaGaBangChuyen
FROM LICHTRINH lt
JOIN CHUYENBAY cb ON lt.MaChuyenBay = cb.MaChuyenBay
JOIN HANGHANGKHONG hh ON cb.MaHangHangKhong = hh.MaHangHangKhong
OUTER APPLY (
    SELECT TOP 1
        cg.TenCong,
        ng.TenNhaGa
    FROM PHANCONGCONG pcc
    JOIN CONG cg ON pcc.MaCong = cg.MaCong
    JOIN NHAGA ng ON cg.MaNhaGa = ng.MaNhaGa
    WHERE pcc.MaLichTrinh = lt.MaLichTrinh
      AND pcc.DangHienHanh = 1
    ORDER BY pcc.ThoiGianBatDauSuDung DESC
) c
OUTER APPLY (
    SELECT TOP 1
        bchl.TenBangChuyenHanhLy,
        ngbc.TenNhaGa AS TenNhaGaBangChuyen
    FROM PHANCONGBANGCHUYEN pcbc
    JOIN BANGCHUYENHANHLY bchl ON pcbc.MaBangChuyenHanhLy = bchl.MaBangChuyenHanhLy
    JOIN NHAGA ngbc ON bchl.MaNhaGa = ngbc.MaNhaGa
    WHERE pcbc.MaLichTrinh = lt.MaLichTrinh
      AND pcbc.DangHienHanh = 1
    ORDER BY pcbc.ThoiGianBatDauSuDung DESC
) bc
WHERE lt.TrangThaiHienTai <> ?
 AND cb.LoaiChuyenBay = ? ORDER BY lt.NgayBay DESC,
          COALESCE(lt.GioUocTinhKhoiHanh, lt.GioDuKienKhoiHanh) DESC
]
2026-05-31T18:24:04.740+07:00 DEBUG 3972 --- [nio-8080-exec-2] m.m.a.RequestResponseBodyMethodProcessor : Using 'application/json', given [*/*] and supported [application/json, application/*+json]
2026-05-31T18:24:04.741+07:00 DEBUG 3972 --- [nio-8080-exec-2] m.m.a.RequestResponseBodyMethodProcessor : Writing [[CustomerFlightDto[id=LT008, maLichTrinh=LT008, maChuyenBay=CB008, flightNo=BR383, airline=EVA Air,  (truncated)...]
2026-05-31T18:24:04.742+07:00 DEBUG 3972 --- [nio-8080-exec-2] o.s.web.servlet.DispatcherServlet        : Completed 200 OK
2026-05-31T18:24:16.161+07:00 DEBUG 3972 --- [nio-8080-exec-5] o.s.web.servlet.DispatcherServlet        : GET "/api/customer/flights?type=DI", parameters={masked}
2026-05-31T18:24:16.162+07:00 DEBUG 3972 --- [nio-8080-exec-5] s.w.s.m.m.a.RequestMappingHandlerMapping : Mapped to com.danangairport.controller.CustomerFlightController#layDanhSachChuyenBay(String, String, String, LocalDate)
2026-05-31T18:24:16.162+07:00 DEBUG 3972 --- [nio-8080-exec-5] o.s.jdbc.core.JdbcTemplate               : Executing prepared SQL query
2026-05-31T18:24:16.163+07:00 DEBUG 3972 --- [nio-8080-exec-5] o.s.jdbc.core.JdbcTemplate               : Executing prepared SQL statement [SELECT
    cb.MaChuyenBay,
    lt.MaLichTrinh,
    cb.SoHieuChuyenBay,
    hh.TenHangHangKhong,
    cb.LoaiChuyenBay,
    cb.DiemDi,
    cb.DiemDen,
    lt.NgayBay,
    lt.GioDuKienKhoiHanh,
    lt.GioDuKienHaCanh,
    lt.GioUocTinhKhoiHanh,
    lt.GioUocTinhHaCanh,
    lt.GioThucTeKhoiHanh,
    lt.GioThucTeHaCanh,
    lt.TrangThaiHienTai,
    lt.SoPhutCham,
    lt.LyDoChamHoacHuy,
    c.TenCong,
    c.TenNhaGa,
    bc.TenBangChuyenHanhLy,
    bc.TenNhaGaBangChuyen
FROM LICHTRINH lt
JOIN CHUYENBAY cb ON lt.MaChuyenBay = cb.MaChuyenBay
JOIN HANGHANGKHONG hh ON cb.MaHangHangKhong = hh.MaHangHangKhong
OUTER APPLY (
    SELECT TOP 1
        cg.TenCong,
        ng.TenNhaGa
    FROM PHANCONGCONG pcc
    JOIN CONG cg ON pcc.MaCong = cg.MaCong
    JOIN NHAGA ng ON cg.MaNhaGa = ng.MaNhaGa
    WHERE pcc.MaLichTrinh = lt.MaLichTrinh
      AND pcc.DangHienHanh = 1
    ORDER BY pcc.ThoiGianBatDauSuDung DESC
) c
OUTER APPLY (
    SELECT TOP 1
        bchl.TenBangChuyenHanhLy,
        ngbc.TenNhaGa AS TenNhaGaBangChuyen
    FROM PHANCONGBANGCHUYEN pcbc
    JOIN BANGCHUYENHANHLY bchl ON pcbc.MaBangChuyenHanhLy = bchl.MaBangChuyenHanhLy
    JOIN NHAGA ngbc ON bchl.MaNhaGa = ngbc.MaNhaGa
    WHERE pcbc.MaLichTrinh = lt.MaLichTrinh
      AND pcbc.DangHienHanh = 1
    ORDER BY pcbc.ThoiGianBatDauSuDung DESC
) bc
WHERE lt.TrangThaiHienTai <> ?
 AND cb.LoaiChuyenBay = ? ORDER BY lt.NgayBay DESC,
          COALESCE(lt.GioUocTinhKhoiHanh, lt.GioDuKienKhoiHanh) DESC
]
2026-05-31T18:24:16.167+07:00 DEBUG 3972 --- [nio-8080-exec-5] m.m.a.RequestResponseBodyMethodProcessor : Using 'application/json', given [*/*] and supported [application/json, application/*+json]
2026-05-31T18:24:16.167+07:00 DEBUG 3972 --- [nio-8080-exec-5] m.m.a.RequestResponseBodyMethodProcessor : Writing [[CustomerFlightDto[id=LT005, maLichTrinh=LT005, maChuyenBay=CB005, flightNo=KE462, airline=Korean Ai (truncated)...]
2026-05-31T18:24:16.168+07:00 DEBUG 3972 --- [nio-8080-exec-5] o.s.web.servlet.DispatcherServlet        : Completed 200 OK
2026-05-31T18:28:05.110+07:00 DEBUG 3972 --- [nio-8080-exec-8] o.s.web.servlet.DispatcherServlet        : OPTIONS "/api/customer/flights", parameters={}
2026-05-31T18:28:05.110+07:00 DEBUG 3972 --- [nio-8080-exec-7] o.s.web.servlet.DispatcherServlet        : OPTIONS "/api/customer/flights", parameters={}
2026-05-31T18:28:05.113+07:00 DEBUG 3972 --- [nio-8080-exec-7] s.w.s.m.m.a.RequestMappingHandlerMapping : Mapped to com.danangairport.controller.CustomerFlightController#layDanhSachChuyenBay(String, String, String, LocalDate)
2026-05-31T18:28:05.112+07:00 DEBUG 3972 --- [nio-8080-exec-8] s.w.s.m.m.a.RequestMappingHandlerMapping : Mapped to com.danangairport.controller.CustomerFlightController#layDanhSachChuyenBay(String, String, String, LocalDate)
2026-05-31T18:28:05.116+07:00 DEBUG 3972 --- [nio-8080-exec-8] o.s.web.servlet.DispatcherServlet        : Completed 200 OK
2026-05-31T18:28:05.116+07:00 DEBUG 3972 --- [nio-8080-exec-7] o.s.web.servlet.DispatcherServlet        : Completed 200 OK
2026-05-31T18:28:05.126+07:00 DEBUG 3972 --- [nio-8080-exec-9] o.s.web.servlet.DispatcherServlet        : GET "/api/customer/flights", parameters={}
2026-05-31T18:28:05.127+07:00 DEBUG 3972 --- [nio-8080-exec-9] s.w.s.m.m.a.RequestMappingHandlerMapping : Mapped to com.danangairport.controller.CustomerFlightController#layDanhSachChuyenBay(String, String, String, LocalDate)
2026-05-31T18:28:05.131+07:00 DEBUG 3972 --- [nio-8080-exec-9] o.s.jdbc.core.JdbcTemplate               : Executing prepared SQL query
2026-05-31T18:28:05.132+07:00 DEBUG 3972 --- [nio-8080-exec-9] o.s.jdbc.core.JdbcTemplate               : Executing prepared SQL statement [SELECT
    cb.MaChuyenBay,
    lt.MaLichTrinh,
    cb.SoHieuChuyenBay,
    hh.TenHangHangKhong,
    cb.LoaiChuyenBay,
    cb.DiemDi,
    cb.DiemDen,
    lt.NgayBay,
    lt.GioDuKienKhoiHanh,
    lt.GioDuKienHaCanh,
    lt.GioUocTinhKhoiHanh,
    lt.GioUocTinhHaCanh,
    lt.GioThucTeKhoiHanh,
    lt.GioThucTeHaCanh,
    lt.TrangThaiHienTai,
    lt.SoPhutCham,
    lt.LyDoChamHoacHuy,
    c.TenCong,
    c.TenNhaGa,
    bc.TenBangChuyenHanhLy,
    bc.TenNhaGaBangChuyen
FROM LICHTRINH lt
JOIN CHUYENBAY cb ON lt.MaChuyenBay = cb.MaChuyenBay
JOIN HANGHANGKHONG hh ON cb.MaHangHangKhong = hh.MaHangHangKhong
OUTER APPLY (
    SELECT TOP 1
        cg.TenCong,
        ng.TenNhaGa
    FROM PHANCONGCONG pcc
    JOIN CONG cg ON pcc.MaCong = cg.MaCong
    JOIN NHAGA ng ON cg.MaNhaGa = ng.MaNhaGa
    WHERE pcc.MaLichTrinh = lt.MaLichTrinh
      AND pcc.DangHienHanh = 1
    ORDER BY pcc.ThoiGianBatDauSuDung DESC
) c
OUTER APPLY (
    SELECT TOP 1
        bchl.TenBangChuyenHanhLy,
        ngbc.TenNhaGa AS TenNhaGaBangChuyen
    FROM PHANCONGBANGCHUYEN pcbc
    JOIN BANGCHUYENHANHLY bchl ON pcbc.MaBangChuyenHanhLy = bchl.MaBangChuyenHanhLy
    JOIN NHAGA ngbc ON bchl.MaNhaGa = ngbc.MaNhaGa
    WHERE pcbc.MaLichTrinh = lt.MaLichTrinh
      AND pcbc.DangHienHanh = 1
    ORDER BY pcbc.ThoiGianBatDauSuDung DESC
) bc
WHERE lt.TrangThaiHienTai <> ?
 ORDER BY lt.NgayBay DESC,
          COALESCE(lt.GioUocTinhKhoiHanh, lt.GioDuKienKhoiHanh) DESC
]
2026-05-31T18:28:05.220+07:00 DEBUG 3972 --- [nio-8080-exec-9] m.m.a.RequestResponseBodyMethodProcessor : Using 'application/json', given [*/*] and supported [application/json, application/*+json]
2026-05-31T18:28:05.222+07:00 DEBUG 3972 --- [nio-8080-exec-9] m.m.a.RequestResponseBodyMethodProcessor : Writing [[CustomerFlightDto[id=LT005, maLichTrinh=LT005, maChuyenBay=CB005, flightNo=KE462, airline=Korean Ai (truncated)...]
2026-05-31T18:28:05.226+07:00 DEBUG 3972 --- [nio-8080-exec-9] o.s.web.servlet.DispatcherServlet        : Completed 200 OK
2026-05-31T18:28:05.228+07:00 DEBUG 3972 --- [io-8080-exec-10] o.s.web.servlet.DispatcherServlet        : GET "/api/customer/flights", parameters={}
2026-05-31T18:28:05.229+07:00 DEBUG 3972 --- [io-8080-exec-10] s.w.s.m.m.a.RequestMappingHandlerMapping : Mapped to com.danangairport.controller.CustomerFlightController#layDanhSachChuyenBay(String, String, String, LocalDate)
2026-05-31T18:28:05.230+07:00 DEBUG 3972 --- [io-8080-exec-10] o.s.jdbc.core.JdbcTemplate               : Executing prepared SQL query
2026-05-31T18:28:05.231+07:00 DEBUG 3972 --- [io-8080-exec-10] o.s.jdbc.core.JdbcTemplate               : Executing prepared SQL statement [SELECT
    cb.MaChuyenBay,
    lt.MaLichTrinh,
    cb.SoHieuChuyenBay,
    hh.TenHangHangKhong,
    cb.LoaiChuyenBay,
    cb.DiemDi,
    cb.DiemDen,
    lt.NgayBay,
    lt.GioDuKienKhoiHanh,
    lt.GioDuKienHaCanh,
    lt.GioUocTinhKhoiHanh,
    lt.GioUocTinhHaCanh,
    lt.GioThucTeKhoiHanh,
    lt.GioThucTeHaCanh,
    lt.TrangThaiHienTai,
    lt.SoPhutCham,
    lt.LyDoChamHoacHuy,
    c.TenCong,
    c.TenNhaGa,
    bc.TenBangChuyenHanhLy,
    bc.TenNhaGaBangChuyen
FROM LICHTRINH lt
JOIN CHUYENBAY cb ON lt.MaChuyenBay = cb.MaChuyenBay
JOIN HANGHANGKHONG hh ON cb.MaHangHangKhong = hh.MaHangHangKhong
OUTER APPLY (
    SELECT TOP 1
        cg.TenCong,
        ng.TenNhaGa
    FROM PHANCONGCONG pcc
    JOIN CONG cg ON pcc.MaCong = cg.MaCong
    JOIN NHAGA ng ON cg.MaNhaGa = ng.MaNhaGa
    WHERE pcc.MaLichTrinh = lt.MaLichTrinh
      AND pcc.DangHienHanh = 1
    ORDER BY pcc.ThoiGianBatDauSuDung DESC
) c
OUTER APPLY (
    SELECT TOP 1
        bchl.TenBangChuyenHanhLy,
        ngbc.TenNhaGa AS TenNhaGaBangChuyen
    FROM PHANCONGBANGCHUYEN pcbc
    JOIN BANGCHUYENHANHLY bchl ON pcbc.MaBangChuyenHanhLy = bchl.MaBangChuyenHanhLy
    JOIN NHAGA ngbc ON bchl.MaNhaGa = ngbc.MaNhaGa
    WHERE pcbc.MaLichTrinh = lt.MaLichTrinh
      AND pcbc.DangHienHanh = 1
    ORDER BY pcbc.ThoiGianBatDauSuDung DESC
) bc
WHERE lt.TrangThaiHienTai <> ?
 ORDER BY lt.NgayBay DESC,
          COALESCE(lt.GioUocTinhKhoiHanh, lt.GioDuKienKhoiHanh) DESC
]
2026-05-31T18:28:05.236+07:00 DEBUG 3972 --- [io-8080-exec-10] m.m.a.RequestResponseBodyMethodProcessor : Using 'application/json', given [*/*] and supported [application/json, application/*+json]
2026-05-31T18:28:05.238+07:00 DEBUG 3972 --- [io-8080-exec-10] m.m.a.RequestResponseBodyMethodProcessor : Writing [[CustomerFlightDto[id=LT005, maLichTrinh=LT005, maChuyenBay=CB005, flightNo=KE462, airline=Korean Ai (truncated)...]
2026-05-31T18:28:05.240+07:00 DEBUG 3972 --- [io-8080-exec-10] o.s.web.servlet.DispatcherServlet        : Completed 200 OK
2026-05-31T18:28:08.135+07:00 DEBUG 3972 --- [nio-8080-exec-1] o.s.web.servlet.DispatcherServlet        : OPTIONS "/api/customer/flights?type=DEN", parameters={masked}
2026-05-31T18:28:08.135+07:00 DEBUG 3972 --- [nio-8080-exec-3] o.s.web.servlet.DispatcherServlet        : OPTIONS "/api/customer/flights?type=DEN", parameters={masked}
2026-05-31T18:28:08.136+07:00 DEBUG 3972 --- [nio-8080-exec-1] s.w.s.m.m.a.RequestMappingHandlerMapping : Mapped to com.danangairport.controller.CustomerFlightController#layDanhSachChuyenBay(String, String, String, LocalDate)
2026-05-31T18:28:08.136+07:00 DEBUG 3972 --- [nio-8080-exec-3] s.w.s.m.m.a.RequestMappingHandlerMapping : Mapped to com.danangairport.controller.CustomerFlightController#layDanhSachChuyenBay(String, String, String, LocalDate)
2026-05-31T18:28:08.138+07:00 DEBUG 3972 --- [nio-8080-exec-1] o.s.web.servlet.DispatcherServlet        : Completed 200 OK
2026-05-31T18:28:08.139+07:00 DEBUG 3972 --- [nio-8080-exec-3] o.s.web.servlet.DispatcherServlet        : Completed 200 OK
2026-05-31T18:28:08.142+07:00 DEBUG 3972 --- [nio-8080-exec-2] o.s.web.servlet.DispatcherServlet        : GET "/api/customer/flights?type=DEN", parameters={masked}
2026-05-31T18:28:08.144+07:00 DEBUG 3972 --- [nio-8080-exec-2] s.w.s.m.m.a.RequestMappingHandlerMapping : Mapped to com.danangairport.controller.CustomerFlightController#layDanhSachChuyenBay(String, String, String, LocalDate)
2026-05-31T18:28:08.146+07:00 DEBUG 3972 --- [nio-8080-exec-2] o.s.jdbc.core.JdbcTemplate               : Executing prepared SQL query
2026-05-31T18:28:08.146+07:00 DEBUG 3972 --- [nio-8080-exec-2] o.s.jdbc.core.JdbcTemplate               : Executing prepared SQL statement [SELECT
    cb.MaChuyenBay,
    lt.MaLichTrinh,
    cb.SoHieuChuyenBay,
    hh.TenHangHangKhong,
    cb.LoaiChuyenBay,
    cb.DiemDi,
    cb.DiemDen,
    lt.NgayBay,
    lt.GioDuKienKhoiHanh,
    lt.GioDuKienHaCanh,
    lt.GioUocTinhKhoiHanh,
    lt.GioUocTinhHaCanh,
    lt.GioThucTeKhoiHanh,
    lt.GioThucTeHaCanh,
    lt.TrangThaiHienTai,
    lt.SoPhutCham,
    lt.LyDoChamHoacHuy,
    c.TenCong,
    c.TenNhaGa,
    bc.TenBangChuyenHanhLy,
    bc.TenNhaGaBangChuyen
FROM LICHTRINH lt
JOIN CHUYENBAY cb ON lt.MaChuyenBay = cb.MaChuyenBay
JOIN HANGHANGKHONG hh ON cb.MaHangHangKhong = hh.MaHangHangKhong
OUTER APPLY (
    SELECT TOP 1
        cg.TenCong,
        ng.TenNhaGa
    FROM PHANCONGCONG pcc
    JOIN CONG cg ON pcc.MaCong = cg.MaCong
    JOIN NHAGA ng ON cg.MaNhaGa = ng.MaNhaGa
    WHERE pcc.MaLichTrinh = lt.MaLichTrinh
      AND pcc.DangHienHanh = 1
    ORDER BY pcc.ThoiGianBatDauSuDung DESC
) c
OUTER APPLY (
    SELECT TOP 1
        bchl.TenBangChuyenHanhLy,
        ngbc.TenNhaGa AS TenNhaGaBangChuyen
    FROM PHANCONGBANGCHUYEN pcbc
    JOIN BANGCHUYENHANHLY bchl ON pcbc.MaBangChuyenHanhLy = bchl.MaBangChuyenHanhLy
    JOIN NHAGA ngbc ON bchl.MaNhaGa = ngbc.MaNhaGa
    WHERE pcbc.MaLichTrinh = lt.MaLichTrinh
      AND pcbc.DangHienHanh = 1
    ORDER BY pcbc.ThoiGianBatDauSuDung DESC
) bc
WHERE lt.TrangThaiHienTai <> ?
 AND cb.LoaiChuyenBay = ? ORDER BY lt.NgayBay DESC,
          COALESCE(lt.GioUocTinhKhoiHanh, lt.GioDuKienKhoiHanh) DESC
]
2026-05-31T18:28:08.181+07:00 DEBUG 3972 --- [nio-8080-exec-2] m.m.a.RequestResponseBodyMethodProcessor : Using 'application/json', given [*/*] and supported [application/json, application/*+json]
2026-05-31T18:28:08.182+07:00 DEBUG 3972 --- [nio-8080-exec-2] m.m.a.RequestResponseBodyMethodProcessor : Writing [[CustomerFlightDto[id=LT008, maLichTrinh=LT008, maChuyenBay=CB008, flightNo=BR383, airline=EVA Air,  (truncated)...]
2026-05-31T18:28:08.183+07:00 DEBUG 3972 --- [nio-8080-exec-2] o.s.web.servlet.DispatcherServlet        : Completed 200 OK
2026-05-31T18:28:08.184+07:00 DEBUG 3972 --- [nio-8080-exec-4] o.s.web.servlet.DispatcherServlet        : GET "/api/customer/flights?type=DEN", parameters={masked}
2026-05-31T18:28:08.185+07:00 DEBUG 3972 --- [nio-8080-exec-4] s.w.s.m.m.a.RequestMappingHandlerMapping : Mapped to com.danangairport.controller.CustomerFlightController#layDanhSachChuyenBay(String, String, String, LocalDate)
2026-05-31T18:28:08.187+07:00 DEBUG 3972 --- [nio-8080-exec-4] o.s.jdbc.core.JdbcTemplate               : Executing prepared SQL query
2026-05-31T18:28:08.188+07:00 DEBUG 3972 --- [nio-8080-exec-4] o.s.jdbc.core.JdbcTemplate               : Executing prepared SQL statement [SELECT
    cb.MaChuyenBay,
    lt.MaLichTrinh,
    cb.SoHieuChuyenBay,
    hh.TenHangHangKhong,
    cb.LoaiChuyenBay,
    cb.DiemDi,
    cb.DiemDen,
    lt.NgayBay,
    lt.GioDuKienKhoiHanh,
    lt.GioDuKienHaCanh,
    lt.GioUocTinhKhoiHanh,
    lt.GioUocTinhHaCanh,
    lt.GioThucTeKhoiHanh,
    lt.GioThucTeHaCanh,
    lt.TrangThaiHienTai,
    lt.SoPhutCham,
    lt.LyDoChamHoacHuy,
    c.TenCong,
    c.TenNhaGa,
    bc.TenBangChuyenHanhLy,
    bc.TenNhaGaBangChuyen
FROM LICHTRINH lt
JOIN CHUYENBAY cb ON lt.MaChuyenBay = cb.MaChuyenBay
JOIN HANGHANGKHONG hh ON cb.MaHangHangKhong = hh.MaHangHangKhong
OUTER APPLY (
    SELECT TOP 1
        cg.TenCong,
        ng.TenNhaGa
    FROM PHANCONGCONG pcc
    JOIN CONG cg ON pcc.MaCong = cg.MaCong
    JOIN NHAGA ng ON cg.MaNhaGa = ng.MaNhaGa
    WHERE pcc.MaLichTrinh = lt.MaLichTrinh
      AND pcc.DangHienHanh = 1
    ORDER BY pcc.ThoiGianBatDauSuDung DESC
) c
OUTER APPLY (
    SELECT TOP 1
        bchl.TenBangChuyenHanhLy,
        ngbc.TenNhaGa AS TenNhaGaBangChuyen
    FROM PHANCONGBANGCHUYEN pcbc
    JOIN BANGCHUYENHANHLY bchl ON pcbc.MaBangChuyenHanhLy = bchl.MaBangChuyenHanhLy
    JOIN NHAGA ngbc ON bchl.MaNhaGa = ngbc.MaNhaGa
    WHERE pcbc.MaLichTrinh = lt.MaLichTrinh
      AND pcbc.DangHienHanh = 1
    ORDER BY pcbc.ThoiGianBatDauSuDung DESC
) bc
WHERE lt.TrangThaiHienTai <> ?
 AND cb.LoaiChuyenBay = ? ORDER BY lt.NgayBay DESC,
          COALESCE(lt.GioUocTinhKhoiHanh, lt.GioDuKienKhoiHanh) DESC
]
2026-05-31T18:28:08.192+07:00 DEBUG 3972 --- [nio-8080-exec-4] m.m.a.RequestResponseBodyMethodProcessor : Using 'application/json', given [*/*] and supported [application/json, application/*+json]
2026-05-31T18:28:08.194+07:00 DEBUG 3972 --- [nio-8080-exec-4] m.m.a.RequestResponseBodyMethodProcessor : Writing [[CustomerFlightDto[id=LT008, maLichTrinh=LT008, maChuyenBay=CB008, flightNo=BR383, airline=EVA Air,  (truncated)...]
2026-05-31T18:28:08.196+07:00 DEBUG 3972 --- [nio-8080-exec-4] o.s.web.servlet.DispatcherServlet        : Completed 200 OK
2026-05-31T18:28:14.260+07:00 DEBUG 3972 --- [nio-8080-exec-5] o.s.web.servlet.DispatcherServlet        : OPTIONS "/api/customer/flights?type=DI", parameters={masked}
2026-05-31T18:28:14.260+07:00 DEBUG 3972 --- [nio-8080-exec-6] o.s.web.servlet.DispatcherServlet        : OPTIONS "/api/customer/flights?type=DI", parameters={masked}
2026-05-31T18:28:14.261+07:00 DEBUG 3972 --- [nio-8080-exec-5] s.w.s.m.m.a.RequestMappingHandlerMapping : Mapped to com.danangairport.controller.CustomerFlightController#layDanhSachChuyenBay(String, String, String, LocalDate)
2026-05-31T18:28:14.262+07:00 DEBUG 3972 --- [nio-8080-exec-6] s.w.s.m.m.a.RequestMappingHandlerMapping : Mapped to com.danangairport.controller.CustomerFlightController#layDanhSachChuyenBay(String, String, String, LocalDate)
2026-05-31T18:28:14.263+07:00 DEBUG 3972 --- [nio-8080-exec-6] o.s.web.servlet.DispatcherServlet        : Completed 200 OK
2026-05-31T18:28:14.263+07:00 DEBUG 3972 --- [nio-8080-exec-5] o.s.web.servlet.DispatcherServlet        : Completed 200 OK
2026-05-31T18:28:14.267+07:00 DEBUG 3972 --- [nio-8080-exec-7] o.s.web.servlet.DispatcherServlet        : GET "/api/customer/flights?type=DI", parameters={masked}
2026-05-31T18:28:14.267+07:00 DEBUG 3972 --- [nio-8080-exec-7] s.w.s.m.m.a.RequestMappingHandlerMapping : Mapped to com.danangairport.controller.CustomerFlightController#layDanhSachChuyenBay(String, String, String, LocalDate)
2026-05-31T18:28:14.269+07:00 DEBUG 3972 --- [nio-8080-exec-7] o.s.jdbc.core.JdbcTemplate               : Executing prepared SQL query
2026-05-31T18:28:14.270+07:00 DEBUG 3972 --- [nio-8080-exec-7] o.s.jdbc.core.JdbcTemplate               : Executing prepared SQL statement [SELECT
    cb.MaChuyenBay,
    lt.MaLichTrinh,
    cb.SoHieuChuyenBay,
    hh.TenHangHangKhong,
    cb.LoaiChuyenBay,
    cb.DiemDi,
    cb.DiemDen,
    lt.NgayBay,
    lt.GioDuKienKhoiHanh,
    lt.GioDuKienHaCanh,
    lt.GioUocTinhKhoiHanh,
    lt.GioUocTinhHaCanh,
    lt.GioThucTeKhoiHanh,
    lt.GioThucTeHaCanh,
    lt.TrangThaiHienTai,
    lt.SoPhutCham,
    lt.LyDoChamHoacHuy,
    c.TenCong,
    c.TenNhaGa,
    bc.TenBangChuyenHanhLy,
    bc.TenNhaGaBangChuyen
FROM LICHTRINH lt
JOIN CHUYENBAY cb ON lt.MaChuyenBay = cb.MaChuyenBay
JOIN HANGHANGKHONG hh ON cb.MaHangHangKhong = hh.MaHangHangKhong
OUTER APPLY (
    SELECT TOP 1
        cg.TenCong,
        ng.TenNhaGa
    FROM PHANCONGCONG pcc
    JOIN CONG cg ON pcc.MaCong = cg.MaCong
    JOIN NHAGA ng ON cg.MaNhaGa = ng.MaNhaGa
    WHERE pcc.MaLichTrinh = lt.MaLichTrinh
      AND pcc.DangHienHanh = 1
    ORDER BY pcc.ThoiGianBatDauSuDung DESC
) c
OUTER APPLY (
    SELECT TOP 1
        bchl.TenBangChuyenHanhLy,
        ngbc.TenNhaGa AS TenNhaGaBangChuyen
    FROM PHANCONGBANGCHUYEN pcbc
    JOIN BANGCHUYENHANHLY bchl ON pcbc.MaBangChuyenHanhLy = bchl.MaBangChuyenHanhLy
    JOIN NHAGA ngbc ON bchl.MaNhaGa = ngbc.MaNhaGa
    WHERE pcbc.MaLichTrinh = lt.MaLichTrinh
      AND pcbc.DangHienHanh = 1
    ORDER BY pcbc.ThoiGianBatDauSuDung DESC
) bc
WHERE lt.TrangThaiHienTai <> ?
 AND cb.LoaiChuyenBay = ? ORDER BY lt.NgayBay DESC,
          COALESCE(lt.GioUocTinhKhoiHanh, lt.GioDuKienKhoiHanh) DESC
]
2026-05-31T18:28:14.276+07:00 DEBUG 3972 --- [nio-8080-exec-7] m.m.a.RequestResponseBodyMethodProcessor : Using 'application/json', given [*/*] and supported [application/json, application/*+json]
2026-05-31T18:28:14.280+07:00 DEBUG 3972 --- [nio-8080-exec-7] m.m.a.RequestResponseBodyMethodProcessor : Writing [[CustomerFlightDto[id=LT005, maLichTrinh=LT005, maChuyenBay=CB005, flightNo=KE462, airline=Korean Ai (truncated)...]
2026-05-31T18:28:14.282+07:00 DEBUG 3972 --- [nio-8080-exec-7] o.s.web.servlet.DispatcherServlet        : Completed 200 OK
2026-05-31T18:28:14.283+07:00 DEBUG 3972 --- [nio-8080-exec-8] o.s.web.servlet.DispatcherServlet        : GET "/api/customer/flights?type=DI", parameters={masked}
2026-05-31T18:28:14.284+07:00 DEBUG 3972 --- [nio-8080-exec-8] s.w.s.m.m.a.RequestMappingHandlerMapping : Mapped to com.danangairport.controller.CustomerFlightController#layDanhSachChuyenBay(String, String, String, LocalDate)
2026-05-31T18:28:14.285+07:00 DEBUG 3972 --- [nio-8080-exec-8] o.s.jdbc.core.JdbcTemplate               : Executing prepared SQL query
2026-05-31T18:28:14.285+07:00 DEBUG 3972 --- [nio-8080-exec-8] o.s.jdbc.core.JdbcTemplate               : Executing prepared SQL statement [SELECT
    cb.MaChuyenBay,
    lt.MaLichTrinh,
    cb.SoHieuChuyenBay,
    hh.TenHangHangKhong,
    cb.LoaiChuyenBay,
    cb.DiemDi,
    cb.DiemDen,
    lt.NgayBay,
    lt.GioDuKienKhoiHanh,
    lt.GioDuKienHaCanh,
    lt.GioUocTinhKhoiHanh,
    lt.GioUocTinhHaCanh,
    lt.GioThucTeKhoiHanh,
    lt.GioThucTeHaCanh,
    lt.TrangThaiHienTai,
    lt.SoPhutCham,
    lt.LyDoChamHoacHuy,
    c.TenCong,
    c.TenNhaGa,
    bc.TenBangChuyenHanhLy,
    bc.TenNhaGaBangChuyen
FROM LICHTRINH lt
JOIN CHUYENBAY cb ON lt.MaChuyenBay = cb.MaChuyenBay
JOIN HANGHANGKHONG hh ON cb.MaHangHangKhong = hh.MaHangHangKhong
OUTER APPLY (
    SELECT TOP 1
        cg.TenCong,
        ng.TenNhaGa
    FROM PHANCONGCONG pcc
    JOIN CONG cg ON pcc.MaCong = cg.MaCong
    JOIN NHAGA ng ON cg.MaNhaGa = ng.MaNhaGa
    WHERE pcc.MaLichTrinh = lt.MaLichTrinh
      AND pcc.DangHienHanh = 1
    ORDER BY pcc.ThoiGianBatDauSuDung DESC
) c
OUTER APPLY (
    SELECT TOP 1
        bchl.TenBangChuyenHanhLy,
        ngbc.TenNhaGa AS TenNhaGaBangChuyen
    FROM PHANCONGBANGCHUYEN pcbc
    JOIN BANGCHUYENHANHLY bchl ON pcbc.MaBangChuyenHanhLy = bchl.MaBangChuyenHanhLy
    JOIN NHAGA ngbc ON bchl.MaNhaGa = ngbc.MaNhaGa
    WHERE pcbc.MaLichTrinh = lt.MaLichTrinh
      AND pcbc.DangHienHanh = 1
    ORDER BY pcbc.ThoiGianBatDauSuDung DESC
) bc
WHERE lt.TrangThaiHienTai <> ?
 AND cb.LoaiChuyenBay = ? ORDER BY lt.NgayBay DESC,
          COALESCE(lt.GioUocTinhKhoiHanh, lt.GioDuKienKhoiHanh) DESC
]
2026-05-31T18:28:14.291+07:00 DEBUG 3972 --- [nio-8080-exec-8] m.m.a.RequestResponseBodyMethodProcessor : Using 'application/json', given [*/*] and supported [application/json, application/*+json]
2026-05-31T18:28:14.292+07:00 DEBUG 3972 --- [nio-8080-exec-8] m.m.a.RequestResponseBodyMethodProcessor : Writing [[CustomerFlightDto[id=LT005, maLichTrinh=LT005, maChuyenBay=CB005, flightNo=KE462, airline=Korean Ai (truncated)...]
2026-05-31T18:28:14.295+07:00 DEBUG 3972 --- [nio-8080-exec-8] o.s.web.servlet.DispatcherServlet        : Completed 200 OK
2026-05-31T18:28:16.115+07:00 DEBUG 3972 --- [nio-8080-exec-9] o.s.web.servlet.DispatcherServlet        : GET "/api/customer/flights", parameters={}
2026-05-31T18:28:16.116+07:00 DEBUG 3972 --- [nio-8080-exec-9] s.w.s.m.m.a.RequestMappingHandlerMapping : Mapped to com.danangairport.controller.CustomerFlightController#layDanhSachChuyenBay(String, String, String, LocalDate)
2026-05-31T18:28:16.118+07:00 DEBUG 3972 --- [nio-8080-exec-9] o.s.jdbc.core.JdbcTemplate               : Executing prepared SQL query
2026-05-31T18:28:16.119+07:00 DEBUG 3972 --- [nio-8080-exec-9] o.s.jdbc.core.JdbcTemplate               : Executing prepared SQL statement [SELECT
    cb.MaChuyenBay,
    lt.MaLichTrinh,
    cb.SoHieuChuyenBay,
    hh.TenHangHangKhong,
    cb.LoaiChuyenBay,
    cb.DiemDi,
    cb.DiemDen,
    lt.NgayBay,
    lt.GioDuKienKhoiHanh,
    lt.GioDuKienHaCanh,
    lt.GioUocTinhKhoiHanh,
    lt.GioUocTinhHaCanh,
    lt.GioThucTeKhoiHanh,
    lt.GioThucTeHaCanh,
    lt.TrangThaiHienTai,
    lt.SoPhutCham,
    lt.LyDoChamHoacHuy,
    c.TenCong,
    c.TenNhaGa,
    bc.TenBangChuyenHanhLy,
    bc.TenNhaGaBangChuyen
FROM LICHTRINH lt
JOIN CHUYENBAY cb ON lt.MaChuyenBay = cb.MaChuyenBay
JOIN HANGHANGKHONG hh ON cb.MaHangHangKhong = hh.MaHangHangKhong
OUTER APPLY (
    SELECT TOP 1
        cg.TenCong,
        ng.TenNhaGa
    FROM PHANCONGCONG pcc
    JOIN CONG cg ON pcc.MaCong = cg.MaCong
    JOIN NHAGA ng ON cg.MaNhaGa = ng.MaNhaGa
    WHERE pcc.MaLichTrinh = lt.MaLichTrinh
      AND pcc.DangHienHanh = 1
    ORDER BY pcc.ThoiGianBatDauSuDung DESC
) c
OUTER APPLY (
    SELECT TOP 1
        bchl.TenBangChuyenHanhLy,
        ngbc.TenNhaGa AS TenNhaGaBangChuyen
    FROM PHANCONGBANGCHUYEN pcbc
    JOIN BANGCHUYENHANHLY bchl ON pcbc.MaBangChuyenHanhLy = bchl.MaBangChuyenHanhLy
    JOIN NHAGA ngbc ON bchl.MaNhaGa = ngbc.MaNhaGa
    WHERE pcbc.MaLichTrinh = lt.MaLichTrinh
      AND pcbc.DangHienHanh = 1
    ORDER BY pcbc.ThoiGianBatDauSuDung DESC
) bc
WHERE lt.TrangThaiHienTai <> ?
 ORDER BY lt.NgayBay DESC,
          COALESCE(lt.GioUocTinhKhoiHanh, lt.GioDuKienKhoiHanh) DESC
]
2026-05-31T18:28:16.126+07:00 DEBUG 3972 --- [nio-8080-exec-9] m.m.a.RequestResponseBodyMethodProcessor : Using 'application/json', given [*/*] and supported [application/json, application/*+json]
2026-05-31T18:28:16.127+07:00 DEBUG 3972 --- [nio-8080-exec-9] m.m.a.RequestResponseBodyMethodProcessor : Writing [[CustomerFlightDto[id=LT005, maLichTrinh=LT005, maChuyenBay=CB005, flightNo=KE462, airline=Korean Ai (truncated)...]
2026-05-31T18:28:16.129+07:00 DEBUG 3972 --- [nio-8080-exec-9] o.s.web.servlet.DispatcherServlet        : Completed 200 OK
2026-05-31T18:28:16.130+07:00 DEBUG 3972 --- [io-8080-exec-10] o.s.web.servlet.DispatcherServlet        : GET "/api/customer/flights", parameters={}
2026-05-31T18:28:16.131+07:00 DEBUG 3972 --- [io-8080-exec-10] s.w.s.m.m.a.RequestMappingHandlerMapping : Mapped to com.danangairport.controller.CustomerFlightController#layDanhSachChuyenBay(String, String, String, LocalDate)
2026-05-31T18:28:16.132+07:00 DEBUG 3972 --- [io-8080-exec-10] o.s.jdbc.core.JdbcTemplate               : Executing prepared SQL query
2026-05-31T18:28:16.134+07:00 DEBUG 3972 --- [io-8080-exec-10] o.s.jdbc.core.JdbcTemplate               : Executing prepared SQL statement [SELECT
    cb.MaChuyenBay,
    lt.MaLichTrinh,
    cb.SoHieuChuyenBay,
    hh.TenHangHangKhong,
    cb.LoaiChuyenBay,
    cb.DiemDi,
    cb.DiemDen,
    lt.NgayBay,
    lt.GioDuKienKhoiHanh,
    lt.GioDuKienHaCanh,
    lt.GioUocTinhKhoiHanh,
    lt.GioUocTinhHaCanh,
    lt.GioThucTeKhoiHanh,
    lt.GioThucTeHaCanh,
    lt.TrangThaiHienTai,
    lt.SoPhutCham,
    lt.LyDoChamHoacHuy,
    c.TenCong,
    c.TenNhaGa,
    bc.TenBangChuyenHanhLy,
    bc.TenNhaGaBangChuyen
FROM LICHTRINH lt
JOIN CHUYENBAY cb ON lt.MaChuyenBay = cb.MaChuyenBay
JOIN HANGHANGKHONG hh ON cb.MaHangHangKhong = hh.MaHangHangKhong
OUTER APPLY (
    SELECT TOP 1
        cg.TenCong,
        ng.TenNhaGa
    FROM PHANCONGCONG pcc
    JOIN CONG cg ON pcc.MaCong = cg.MaCong
    JOIN NHAGA ng ON cg.MaNhaGa = ng.MaNhaGa
    WHERE pcc.MaLichTrinh = lt.MaLichTrinh
      AND pcc.DangHienHanh = 1
    ORDER BY pcc.ThoiGianBatDauSuDung DESC
) c
OUTER APPLY (
    SELECT TOP 1
        bchl.TenBangChuyenHanhLy,
        ngbc.TenNhaGa AS TenNhaGaBangChuyen
    FROM PHANCONGBANGCHUYEN pcbc
    JOIN BANGCHUYENHANHLY bchl ON pcbc.MaBangChuyenHanhLy = bchl.MaBangChuyenHanhLy
    JOIN NHAGA ngbc ON bchl.MaNhaGa = ngbc.MaNhaGa
    WHERE pcbc.MaLichTrinh = lt.MaLichTrinh
      AND pcbc.DangHienHanh = 1
    ORDER BY pcbc.ThoiGianBatDauSuDung DESC
) bc
WHERE lt.TrangThaiHienTai <> ?
 ORDER BY lt.NgayBay DESC,
          COALESCE(lt.GioUocTinhKhoiHanh, lt.GioDuKienKhoiHanh) DESC
]
2026-05-31T18:28:16.138+07:00 DEBUG 3972 --- [io-8080-exec-10] m.m.a.RequestResponseBodyMethodProcessor : Using 'application/json', given [*/*] and supported [application/json, application/*+json]
2026-05-31T18:28:16.139+07:00 DEBUG 3972 --- [io-8080-exec-10] m.m.a.RequestResponseBodyMethodProcessor : Writing [[CustomerFlightDto[id=LT005, maLichTrinh=LT005, maChuyenBay=CB005, flightNo=KE462, airline=Korean Ai (truncated)...]
2026-05-31T18:28:16.141+07:00 DEBUG 3972 --- [io-8080-exec-10] o.s.web.servlet.DispatcherServlet        : Completed 200 OK
2026-05-31T18:28:16.849+07:00 DEBUG 3972 --- [nio-8080-exec-1] o.s.web.servlet.DispatcherServlet        : GET "/api/customer/flights", parameters={}
2026-05-31T18:28:16.850+07:00 DEBUG 3972 --- [nio-8080-exec-1] s.w.s.m.m.a.RequestMappingHandlerMapping : Mapped to com.danangairport.controller.CustomerFlightController#layDanhSachChuyenBay(String, String, String, LocalDate)
2026-05-31T18:28:16.852+07:00 DEBUG 3972 --- [nio-8080-exec-1] o.s.jdbc.core.JdbcTemplate               : Executing prepared SQL query
2026-05-31T18:28:16.853+07:00 DEBUG 3972 --- [nio-8080-exec-1] o.s.jdbc.core.JdbcTemplate               : Executing prepared SQL statement [SELECT
    cb.MaChuyenBay,
    lt.MaLichTrinh,
    cb.SoHieuChuyenBay,
    hh.TenHangHangKhong,
    cb.LoaiChuyenBay,
    cb.DiemDi,
    cb.DiemDen,
    lt.NgayBay,
    lt.GioDuKienKhoiHanh,
    lt.GioDuKienHaCanh,
    lt.GioUocTinhKhoiHanh,
    lt.GioUocTinhHaCanh,
    lt.GioThucTeKhoiHanh,
    lt.GioThucTeHaCanh,
    lt.TrangThaiHienTai,
    lt.SoPhutCham,
    lt.LyDoChamHoacHuy,
    c.TenCong,
    c.TenNhaGa,
    bc.TenBangChuyenHanhLy,
    bc.TenNhaGaBangChuyen
FROM LICHTRINH lt
JOIN CHUYENBAY cb ON lt.MaChuyenBay = cb.MaChuyenBay
JOIN HANGHANGKHONG hh ON cb.MaHangHangKhong = hh.MaHangHangKhong
OUTER APPLY (
    SELECT TOP 1
        cg.TenCong,
        ng.TenNhaGa
    FROM PHANCONGCONG pcc
    JOIN CONG cg ON pcc.MaCong = cg.MaCong
    JOIN NHAGA ng ON cg.MaNhaGa = ng.MaNhaGa
    WHERE pcc.MaLichTrinh = lt.MaLichTrinh
      AND pcc.DangHienHanh = 1
    ORDER BY pcc.ThoiGianBatDauSuDung DESC
) c
OUTER APPLY (
    SELECT TOP 1
        bchl.TenBangChuyenHanhLy,
        ngbc.TenNhaGa AS TenNhaGaBangChuyen
    FROM PHANCONGBANGCHUYEN pcbc
    JOIN BANGCHUYENHANHLY bchl ON pcbc.MaBangChuyenHanhLy = bchl.MaBangChuyenHanhLy
    JOIN NHAGA ngbc ON bchl.MaNhaGa = ngbc.MaNhaGa
    WHERE pcbc.MaLichTrinh = lt.MaLichTrinh
      AND pcbc.DangHienHanh = 1
    ORDER BY pcbc.ThoiGianBatDauSuDung DESC
) bc
WHERE lt.TrangThaiHienTai <> ?
 ORDER BY lt.NgayBay DESC,
          COALESCE(lt.GioUocTinhKhoiHanh, lt.GioDuKienKhoiHanh) DESC
]
2026-05-31T18:28:16.861+07:00 DEBUG 3972 --- [nio-8080-exec-1] m.m.a.RequestResponseBodyMethodProcessor : Using 'application/json', given [*/*] and supported [application/json, application/*+json]
2026-05-31T18:28:16.862+07:00 DEBUG 3972 --- [nio-8080-exec-1] m.m.a.RequestResponseBodyMethodProcessor : Writing [[CustomerFlightDto[id=LT005, maLichTrinh=LT005, maChuyenBay=CB005, flightNo=KE462, airline=Korean Ai (truncated)...]
2026-05-31T18:28:16.866+07:00 DEBUG 3972 --- [nio-8080-exec-1] o.s.web.servlet.DispatcherServlet        : Completed 200 OK
2026-05-31T18:28:16.867+07:00 DEBUG 3972 --- [nio-8080-exec-3] o.s.web.servlet.DispatcherServlet        : GET "/api/customer/flights", parameters={}
2026-05-31T18:28:16.868+07:00 DEBUG 3972 --- [nio-8080-exec-3] s.w.s.m.m.a.RequestMappingHandlerMapping : Mapped to com.danangairport.controller.CustomerFlightController#layDanhSachChuyenBay(String, String, String, LocalDate)
2026-05-31T18:28:16.870+07:00 DEBUG 3972 --- [nio-8080-exec-3] o.s.jdbc.core.JdbcTemplate               : Executing prepared SQL query
2026-05-31T18:28:16.872+07:00 DEBUG 3972 --- [nio-8080-exec-3] o.s.jdbc.core.JdbcTemplate               : Executing prepared SQL statement [SELECT
    cb.MaChuyenBay,
    lt.MaLichTrinh,
    cb.SoHieuChuyenBay,
    hh.TenHangHangKhong,
    cb.LoaiChuyenBay,
    cb.DiemDi,
    cb.DiemDen,
    lt.NgayBay,
    lt.GioDuKienKhoiHanh,
    lt.GioDuKienHaCanh,
    lt.GioUocTinhKhoiHanh,
    lt.GioUocTinhHaCanh,
    lt.GioThucTeKhoiHanh,
    lt.GioThucTeHaCanh,
    lt.TrangThaiHienTai,
    lt.SoPhutCham,
    lt.LyDoChamHoacHuy,
    c.TenCong,
    c.TenNhaGa,
    bc.TenBangChuyenHanhLy,
    bc.TenNhaGaBangChuyen
FROM LICHTRINH lt
JOIN CHUYENBAY cb ON lt.MaChuyenBay = cb.MaChuyenBay
JOIN HANGHANGKHONG hh ON cb.MaHangHangKhong = hh.MaHangHangKhong
OUTER APPLY (
    SELECT TOP 1
        cg.TenCong,
        ng.TenNhaGa
    FROM PHANCONGCONG pcc
    JOIN CONG cg ON pcc.MaCong = cg.MaCong
    JOIN NHAGA ng ON cg.MaNhaGa = ng.MaNhaGa
    WHERE pcc.MaLichTrinh = lt.MaLichTrinh
      AND pcc.DangHienHanh = 1
    ORDER BY pcc.ThoiGianBatDauSuDung DESC
) c
OUTER APPLY (
    SELECT TOP 1
        bchl.TenBangChuyenHanhLy,
        ngbc.TenNhaGa AS TenNhaGaBangChuyen
    FROM PHANCONGBANGCHUYEN pcbc
    JOIN BANGCHUYENHANHLY bchl ON pcbc.MaBangChuyenHanhLy = bchl.MaBangChuyenHanhLy
    JOIN NHAGA ngbc ON bchl.MaNhaGa = ngbc.MaNhaGa
    WHERE pcbc.MaLichTrinh = lt.MaLichTrinh
      AND pcbc.DangHienHanh = 1
    ORDER BY pcbc.ThoiGianBatDauSuDung DESC
) bc
WHERE lt.TrangThaiHienTai <> ?
 ORDER BY lt.NgayBay DESC,
          COALESCE(lt.GioUocTinhKhoiHanh, lt.GioDuKienKhoiHanh) DESC
]
2026-05-31T18:28:16.882+07:00 DEBUG 3972 --- [nio-8080-exec-3] m.m.a.RequestResponseBodyMethodProcessor : Using 'application/json', given [*/*] and supported [application/json, application/*+json]
2026-05-31T18:28:16.885+07:00 DEBUG 3972 --- [nio-8080-exec-3] m.m.a.RequestResponseBodyMethodProcessor : Writing [[CustomerFlightDto[id=LT005, maLichTrinh=LT005, maChuyenBay=CB005, flightNo=KE462, airline=Korean Ai (truncated)...]
2026-05-31T18:28:16.887+07:00 DEBUG 3972 --- [nio-8080-exec-3] o.s.web.servlet.DispatcherServlet        : Completed 200 OK
2026-05-31T18:28:18.513+07:00 DEBUG 3972 --- [nio-8080-exec-2] o.s.web.servlet.DispatcherServlet        : GET "/api/customer/flights", parameters={}
2026-05-31T18:28:18.514+07:00 DEBUG 3972 --- [nio-8080-exec-2] s.w.s.m.m.a.RequestMappingHandlerMapping : Mapped to com.danangairport.controller.CustomerFlightController#layDanhSachChuyenBay(String, String, String, LocalDate)
2026-05-31T18:28:18.516+07:00 DEBUG 3972 --- [nio-8080-exec-2] o.s.jdbc.core.JdbcTemplate               : Executing prepared SQL query
2026-05-31T18:28:18.516+07:00 DEBUG 3972 --- [nio-8080-exec-2] o.s.jdbc.core.JdbcTemplate               : Executing prepared SQL statement [SELECT
    cb.MaChuyenBay,
    lt.MaLichTrinh,
    cb.SoHieuChuyenBay,
    hh.TenHangHangKhong,
    cb.LoaiChuyenBay,
    cb.DiemDi,
    cb.DiemDen,
    lt.NgayBay,
    lt.GioDuKienKhoiHanh,
    lt.GioDuKienHaCanh,
    lt.GioUocTinhKhoiHanh,
    lt.GioUocTinhHaCanh,
    lt.GioThucTeKhoiHanh,
    lt.GioThucTeHaCanh,
    lt.TrangThaiHienTai,
    lt.SoPhutCham,
    lt.LyDoChamHoacHuy,
    c.TenCong,
    c.TenNhaGa,
    bc.TenBangChuyenHanhLy,
    bc.TenNhaGaBangChuyen
FROM LICHTRINH lt
JOIN CHUYENBAY cb ON lt.MaChuyenBay = cb.MaChuyenBay
JOIN HANGHANGKHONG hh ON cb.MaHangHangKhong = hh.MaHangHangKhong
OUTER APPLY (
    SELECT TOP 1
        cg.TenCong,
        ng.TenNhaGa
    FROM PHANCONGCONG pcc
    JOIN CONG cg ON pcc.MaCong = cg.MaCong
    JOIN NHAGA ng ON cg.MaNhaGa = ng.MaNhaGa
    WHERE pcc.MaLichTrinh = lt.MaLichTrinh
      AND pcc.DangHienHanh = 1
    ORDER BY pcc.ThoiGianBatDauSuDung DESC
) c
OUTER APPLY (
    SELECT TOP 1
        bchl.TenBangChuyenHanhLy,
        ngbc.TenNhaGa AS TenNhaGaBangChuyen
    FROM PHANCONGBANGCHUYEN pcbc
    JOIN BANGCHUYENHANHLY bchl ON pcbc.MaBangChuyenHanhLy = bchl.MaBangChuyenHanhLy
    JOIN NHAGA ngbc ON bchl.MaNhaGa = ngbc.MaNhaGa
    WHERE pcbc.MaLichTrinh = lt.MaLichTrinh
      AND pcbc.DangHienHanh = 1
    ORDER BY pcbc.ThoiGianBatDauSuDung DESC
) bc
WHERE lt.TrangThaiHienTai <> ?
 ORDER BY lt.NgayBay DESC,
          COALESCE(lt.GioUocTinhKhoiHanh, lt.GioDuKienKhoiHanh) DESC
]
2026-05-31T18:28:18.522+07:00 DEBUG 3972 --- [nio-8080-exec-2] m.m.a.RequestResponseBodyMethodProcessor : Using 'application/json', given [*/*] and supported [application/json, application/*+json]
2026-05-31T18:28:18.524+07:00 DEBUG 3972 --- [nio-8080-exec-2] m.m.a.RequestResponseBodyMethodProcessor : Writing [[CustomerFlightDto[id=LT005, maLichTrinh=LT005, maChuyenBay=CB005, flightNo=KE462, airline=Korean Ai (truncated)...]
2026-05-31T18:28:18.527+07:00 DEBUG 3972 --- [nio-8080-exec-2] o.s.web.servlet.DispatcherServlet        : Completed 200 OK
2026-05-31T18:28:18.530+07:00 DEBUG 3972 --- [nio-8080-exec-4] o.s.web.servlet.DispatcherServlet        : GET "/api/customer/flights", parameters={}
2026-05-31T18:28:18.532+07:00 DEBUG 3972 --- [nio-8080-exec-4] s.w.s.m.m.a.RequestMappingHandlerMapping : Mapped to com.danangairport.controller.CustomerFlightController#layDanhSachChuyenBay(String, String, String, LocalDate)
2026-05-31T18:28:18.534+07:00 DEBUG 3972 --- [nio-8080-exec-4] o.s.jdbc.core.JdbcTemplate               : Executing prepared SQL query
2026-05-31T18:28:18.535+07:00 DEBUG 3972 --- [nio-8080-exec-4] o.s.jdbc.core.JdbcTemplate               : Executing prepared SQL statement [SELECT
    cb.MaChuyenBay,
    lt.MaLichTrinh,
    cb.SoHieuChuyenBay,
    hh.TenHangHangKhong,
    cb.LoaiChuyenBay,
    cb.DiemDi,
    cb.DiemDen,
    lt.NgayBay,
    lt.GioDuKienKhoiHanh,
    lt.GioDuKienHaCanh,
    lt.GioUocTinhKhoiHanh,
    lt.GioUocTinhHaCanh,
    lt.GioThucTeKhoiHanh,
    lt.GioThucTeHaCanh,
    lt.TrangThaiHienTai,
    lt.SoPhutCham,
    lt.LyDoChamHoacHuy,
    c.TenCong,
    c.TenNhaGa,
    bc.TenBangChuyenHanhLy,
    bc.TenNhaGaBangChuyen
FROM LICHTRINH lt
JOIN CHUYENBAY cb ON lt.MaChuyenBay = cb.MaChuyenBay
JOIN HANGHANGKHONG hh ON cb.MaHangHangKhong = hh.MaHangHangKhong
OUTER APPLY (
    SELECT TOP 1
        cg.TenCong,
        ng.TenNhaGa
    FROM PHANCONGCONG pcc
    JOIN CONG cg ON pcc.MaCong = cg.MaCong
    JOIN NHAGA ng ON cg.MaNhaGa = ng.MaNhaGa
    WHERE pcc.MaLichTrinh = lt.MaLichTrinh
      AND pcc.DangHienHanh = 1
    ORDER BY pcc.ThoiGianBatDauSuDung DESC
) c
OUTER APPLY (
    SELECT TOP 1
        bchl.TenBangChuyenHanhLy,
        ngbc.TenNhaGa AS TenNhaGaBangChuyen
    FROM PHANCONGBANGCHUYEN pcbc
    JOIN BANGCHUYENHANHLY bchl ON pcbc.MaBangChuyenHanhLy = bchl.MaBangChuyenHanhLy
    JOIN NHAGA ngbc ON bchl.MaNhaGa = ngbc.MaNhaGa
    WHERE pcbc.MaLichTrinh = lt.MaLichTrinh
      AND pcbc.DangHienHanh = 1
    ORDER BY pcbc.ThoiGianBatDauSuDung DESC
) bc
WHERE lt.TrangThaiHienTai <> ?
 ORDER BY lt.NgayBay DESC,
          COALESCE(lt.GioUocTinhKhoiHanh, lt.GioDuKienKhoiHanh) DESC
]
2026-05-31T18:28:18.542+07:00 DEBUG 3972 --- [nio-8080-exec-4] m.m.a.RequestResponseBodyMethodProcessor : Using 'application/json', given [*/*] and supported [application/json, application/*+json]
2026-05-31T18:28:18.545+07:00 DEBUG 3972 --- [nio-8080-exec-4] m.m.a.RequestResponseBodyMethodProcessor : Writing [[CustomerFlightDto[id=LT005, maLichTrinh=LT005, maChuyenBay=CB005, flightNo=KE462, airline=Korean Ai (truncated)...]
2026-05-31T18:28:18.547+07:00 DEBUG 3972 --- [nio-8080-exec-4] o.s.web.servlet.DispatcherServlet        : Completed 200 OK
2026-05-31T18:28:20.088+07:00 DEBUG 3972 --- [nio-8080-exec-5] o.s.web.servlet.DispatcherServlet        : GET "/api/customer/flights?type=DEN", parameters={masked}
2026-05-31T18:28:20.089+07:00 DEBUG 3972 --- [nio-8080-exec-5] s.w.s.m.m.a.RequestMappingHandlerMapping : Mapped to com.danangairport.controller.CustomerFlightController#layDanhSachChuyenBay(String, String, String, LocalDate)
2026-05-31T18:28:20.090+07:00 DEBUG 3972 --- [nio-8080-exec-5] o.s.jdbc.core.JdbcTemplate               : Executing prepared SQL query
2026-05-31T18:28:20.091+07:00 DEBUG 3972 --- [nio-8080-exec-5] o.s.jdbc.core.JdbcTemplate               : Executing prepared SQL statement [SELECT
    cb.MaChuyenBay,
    lt.MaLichTrinh,
    cb.SoHieuChuyenBay,
    hh.TenHangHangKhong,
    cb.LoaiChuyenBay,
    cb.DiemDi,
    cb.DiemDen,
    lt.NgayBay,
    lt.GioDuKienKhoiHanh,
    lt.GioDuKienHaCanh,
    lt.GioUocTinhKhoiHanh,
    lt.GioUocTinhHaCanh,
    lt.GioThucTeKhoiHanh,
    lt.GioThucTeHaCanh,
    lt.TrangThaiHienTai,
    lt.SoPhutCham,
    lt.LyDoChamHoacHuy,
    c.TenCong,
    c.TenNhaGa,
    bc.TenBangChuyenHanhLy,
    bc.TenNhaGaBangChuyen
FROM LICHTRINH lt
JOIN CHUYENBAY cb ON lt.MaChuyenBay = cb.MaChuyenBay
JOIN HANGHANGKHONG hh ON cb.MaHangHangKhong = hh.MaHangHangKhong
OUTER APPLY (
    SELECT TOP 1
        cg.TenCong,
        ng.TenNhaGa
    FROM PHANCONGCONG pcc
    JOIN CONG cg ON pcc.MaCong = cg.MaCong
    JOIN NHAGA ng ON cg.MaNhaGa = ng.MaNhaGa
    WHERE pcc.MaLichTrinh = lt.MaLichTrinh
      AND pcc.DangHienHanh = 1
    ORDER BY pcc.ThoiGianBatDauSuDung DESC
) c
OUTER APPLY (
    SELECT TOP 1
        bchl.TenBangChuyenHanhLy,
        ngbc.TenNhaGa AS TenNhaGaBangChuyen
    FROM PHANCONGBANGCHUYEN pcbc
    JOIN BANGCHUYENHANHLY bchl ON pcbc.MaBangChuyenHanhLy = bchl.MaBangChuyenHanhLy
    JOIN NHAGA ngbc ON bchl.MaNhaGa = ngbc.MaNhaGa
    WHERE pcbc.MaLichTrinh = lt.MaLichTrinh
      AND pcbc.DangHienHanh = 1
    ORDER BY pcbc.ThoiGianBatDauSuDung DESC
) bc
WHERE lt.TrangThaiHienTai <> ?
 AND cb.LoaiChuyenBay = ? ORDER BY lt.NgayBay DESC,
          COALESCE(lt.GioUocTinhKhoiHanh, lt.GioDuKienKhoiHanh) DESC
]
2026-05-31T18:28:20.096+07:00 DEBUG 3972 --- [nio-8080-exec-5] m.m.a.RequestResponseBodyMethodProcessor : Using 'application/json', given [*/*] and supported [application/json, application/*+json]
2026-05-31T18:28:20.097+07:00 DEBUG 3972 --- [nio-8080-exec-5] m.m.a.RequestResponseBodyMethodProcessor : Writing [[CustomerFlightDto[id=LT008, maLichTrinh=LT008, maChuyenBay=CB008, flightNo=BR383, airline=EVA Air,  (truncated)...]
2026-05-31T18:28:20.100+07:00 DEBUG 3972 --- [nio-8080-exec-5] o.s.web.servlet.DispatcherServlet        : Completed 200 OK
2026-05-31T18:28:20.101+07:00 DEBUG 3972 --- [nio-8080-exec-6] o.s.web.servlet.DispatcherServlet        : GET "/api/customer/flights?type=DEN", parameters={masked}
2026-05-31T18:28:20.102+07:00 DEBUG 3972 --- [nio-8080-exec-6] s.w.s.m.m.a.RequestMappingHandlerMapping : Mapped to com.danangairport.controller.CustomerFlightController#layDanhSachChuyenBay(String, String, String, LocalDate)
2026-05-31T18:28:20.103+07:00 DEBUG 3972 --- [nio-8080-exec-6] o.s.jdbc.core.JdbcTemplate               : Executing prepared SQL query
2026-05-31T18:28:20.104+07:00 DEBUG 3972 --- [nio-8080-exec-6] o.s.jdbc.core.JdbcTemplate               : Executing prepared SQL statement [SELECT
    cb.MaChuyenBay,
    lt.MaLichTrinh,
    cb.SoHieuChuyenBay,
    hh.TenHangHangKhong,
    cb.LoaiChuyenBay,
    cb.DiemDi,
    cb.DiemDen,
    lt.NgayBay,
    lt.GioDuKienKhoiHanh,
    lt.GioDuKienHaCanh,
    lt.GioUocTinhKhoiHanh,
    lt.GioUocTinhHaCanh,
    lt.GioThucTeKhoiHanh,
    lt.GioThucTeHaCanh,
    lt.TrangThaiHienTai,
    lt.SoPhutCham,
    lt.LyDoChamHoacHuy,
    c.TenCong,
    c.TenNhaGa,
    bc.TenBangChuyenHanhLy,
    bc.TenNhaGaBangChuyen
FROM LICHTRINH lt
JOIN CHUYENBAY cb ON lt.MaChuyenBay = cb.MaChuyenBay
JOIN HANGHANGKHONG hh ON cb.MaHangHangKhong = hh.MaHangHangKhong
OUTER APPLY (
    SELECT TOP 1
        cg.TenCong,
        ng.TenNhaGa
    FROM PHANCONGCONG pcc
    JOIN CONG cg ON pcc.MaCong = cg.MaCong
    JOIN NHAGA ng ON cg.MaNhaGa = ng.MaNhaGa
    WHERE pcc.MaLichTrinh = lt.MaLichTrinh
      AND pcc.DangHienHanh = 1
    ORDER BY pcc.ThoiGianBatDauSuDung DESC
) c
OUTER APPLY (
    SELECT TOP 1
        bchl.TenBangChuyenHanhLy,
        ngbc.TenNhaGa AS TenNhaGaBangChuyen
    FROM PHANCONGBANGCHUYEN pcbc
    JOIN BANGCHUYENHANHLY bchl ON pcbc.MaBangChuyenHanhLy = bchl.MaBangChuyenHanhLy
    JOIN NHAGA ngbc ON bchl.MaNhaGa = ngbc.MaNhaGa
    WHERE pcbc.MaLichTrinh = lt.MaLichTrinh
      AND pcbc.DangHienHanh = 1
    ORDER BY pcbc.ThoiGianBatDauSuDung DESC
) bc
WHERE lt.TrangThaiHienTai <> ?
 AND cb.LoaiChuyenBay = ? ORDER BY lt.NgayBay DESC,
          COALESCE(lt.GioUocTinhKhoiHanh, lt.GioDuKienKhoiHanh) DESC
]
2026-05-31T18:28:20.108+07:00 DEBUG 3972 --- [nio-8080-exec-6] m.m.a.RequestResponseBodyMethodProcessor : Using 'application/json', given [*/*] and supported [application/json, application/*+json]
2026-05-31T18:28:20.109+07:00 DEBUG 3972 --- [nio-8080-exec-6] m.m.a.RequestResponseBodyMethodProcessor : Writing [[CustomerFlightDto[id=LT008, maLichTrinh=LT008, maChuyenBay=CB008, flightNo=BR383, airline=EVA Air,  (truncated)...]
2026-05-31T18:28:20.110+07:00 DEBUG 3972 --- [nio-8080-exec-6] o.s.web.servlet.DispatcherServlet        : Completed 200 OK
2026-05-31T18:28:20.428+07:00 DEBUG 3972 --- [nio-8080-exec-7] o.s.web.servlet.DispatcherServlet        : GET "/api/customer/flights", parameters={}
2026-05-31T18:28:20.431+07:00 DEBUG 3972 --- [nio-8080-exec-7] s.w.s.m.m.a.RequestMappingHandlerMapping : Mapped to com.danangairport.controller.CustomerFlightController#layDanhSachChuyenBay(String, String, String, LocalDate)
2026-05-31T18:28:20.433+07:00 DEBUG 3972 --- [nio-8080-exec-7] o.s.jdbc.core.JdbcTemplate               : Executing prepared SQL query
2026-05-31T18:28:20.434+07:00 DEBUG 3972 --- [nio-8080-exec-7] o.s.jdbc.core.JdbcTemplate               : Executing prepared SQL statement [SELECT
    cb.MaChuyenBay,
    lt.MaLichTrinh,
    cb.SoHieuChuyenBay,
    hh.TenHangHangKhong,
    cb.LoaiChuyenBay,
    cb.DiemDi,
    cb.DiemDen,
    lt.NgayBay,
    lt.GioDuKienKhoiHanh,
    lt.GioDuKienHaCanh,
    lt.GioUocTinhKhoiHanh,
    lt.GioUocTinhHaCanh,
    lt.GioThucTeKhoiHanh,
    lt.GioThucTeHaCanh,
    lt.TrangThaiHienTai,
    lt.SoPhutCham,
    lt.LyDoChamHoacHuy,
    c.TenCong,
    c.TenNhaGa,
    bc.TenBangChuyenHanhLy,
    bc.TenNhaGaBangChuyen
FROM LICHTRINH lt
JOIN CHUYENBAY cb ON lt.MaChuyenBay = cb.MaChuyenBay
JOIN HANGHANGKHONG hh ON cb.MaHangHangKhong = hh.MaHangHangKhong
OUTER APPLY (
    SELECT TOP 1
        cg.TenCong,
        ng.TenNhaGa
    FROM PHANCONGCONG pcc
    JOIN CONG cg ON pcc.MaCong = cg.MaCong
    JOIN NHAGA ng ON cg.MaNhaGa = ng.MaNhaGa
    WHERE pcc.MaLichTrinh = lt.MaLichTrinh
      AND pcc.DangHienHanh = 1
    ORDER BY pcc.ThoiGianBatDauSuDung DESC
) c
OUTER APPLY (
    SELECT TOP 1
        bchl.TenBangChuyenHanhLy,
        ngbc.TenNhaGa AS TenNhaGaBangChuyen
    FROM PHANCONGBANGCHUYEN pcbc
    JOIN BANGCHUYENHANHLY bchl ON pcbc.MaBangChuyenHanhLy = bchl.MaBangChuyenHanhLy
    JOIN NHAGA ngbc ON bchl.MaNhaGa = ngbc.MaNhaGa
    WHERE pcbc.MaLichTrinh = lt.MaLichTrinh
      AND pcbc.DangHienHanh = 1
    ORDER BY pcbc.ThoiGianBatDauSuDung DESC
) bc
WHERE lt.TrangThaiHienTai <> ?
 ORDER BY lt.NgayBay DESC,
          COALESCE(lt.GioUocTinhKhoiHanh, lt.GioDuKienKhoiHanh) DESC
]
2026-05-31T18:28:20.438+07:00 DEBUG 3972 --- [nio-8080-exec-7] m.m.a.RequestResponseBodyMethodProcessor : Using 'application/json', given [*/*] and supported [application/json, application/*+json]
2026-05-31T18:28:20.439+07:00 DEBUG 3972 --- [nio-8080-exec-7] m.m.a.RequestResponseBodyMethodProcessor : Writing [[CustomerFlightDto[id=LT005, maLichTrinh=LT005, maChuyenBay=CB005, flightNo=KE462, airline=Korean Ai (truncated)...]
2026-05-31T18:28:20.441+07:00 DEBUG 3972 --- [nio-8080-exec-7] o.s.web.servlet.DispatcherServlet        : Completed 200 OK
2026-05-31T18:28:20.442+07:00 DEBUG 3972 --- [nio-8080-exec-8] o.s.web.servlet.DispatcherServlet        : GET "/api/customer/flights", parameters={}
2026-05-31T18:28:20.442+07:00 DEBUG 3972 --- [nio-8080-exec-8] s.w.s.m.m.a.RequestMappingHandlerMapping : Mapped to com.danangairport.controller.CustomerFlightController#layDanhSachChuyenBay(String, String, String, LocalDate)
2026-05-31T18:28:20.444+07:00 DEBUG 3972 --- [nio-8080-exec-8] o.s.jdbc.core.JdbcTemplate               : Executing prepared SQL query
2026-05-31T18:28:20.445+07:00 DEBUG 3972 --- [nio-8080-exec-8] o.s.jdbc.core.JdbcTemplate               : Executing prepared SQL statement [SELECT
    cb.MaChuyenBay,
    lt.MaLichTrinh,
    cb.SoHieuChuyenBay,
    hh.TenHangHangKhong,
    cb.LoaiChuyenBay,
    cb.DiemDi,
    cb.DiemDen,
    lt.NgayBay,
    lt.GioDuKienKhoiHanh,
    lt.GioDuKienHaCanh,
    lt.GioUocTinhKhoiHanh,
    lt.GioUocTinhHaCanh,
    lt.GioThucTeKhoiHanh,
    lt.GioThucTeHaCanh,
    lt.TrangThaiHienTai,
    lt.SoPhutCham,
    lt.LyDoChamHoacHuy,
    c.TenCong,
    c.TenNhaGa,
    bc.TenBangChuyenHanhLy,
    bc.TenNhaGaBangChuyen
FROM LICHTRINH lt
JOIN CHUYENBAY cb ON lt.MaChuyenBay = cb.MaChuyenBay
JOIN HANGHANGKHONG hh ON cb.MaHangHangKhong = hh.MaHangHangKhong
OUTER APPLY (
    SELECT TOP 1
        cg.TenCong,
        ng.TenNhaGa
    FROM PHANCONGCONG pcc
    JOIN CONG cg ON pcc.MaCong = cg.MaCong
    JOIN NHAGA ng ON cg.MaNhaGa = ng.MaNhaGa
    WHERE pcc.MaLichTrinh = lt.MaLichTrinh
      AND pcc.DangHienHanh = 1
    ORDER BY pcc.ThoiGianBatDauSuDung DESC
) c
OUTER APPLY (
    SELECT TOP 1
        bchl.TenBangChuyenHanhLy,
        ngbc.TenNhaGa AS TenNhaGaBangChuyen
    FROM PHANCONGBANGCHUYEN pcbc
    JOIN BANGCHUYENHANHLY bchl ON pcbc.MaBangChuyenHanhLy = bchl.MaBangChuyenHanhLy
    JOIN NHAGA ngbc ON bchl.MaNhaGa = ngbc.MaNhaGa
    WHERE pcbc.MaLichTrinh = lt.MaLichTrinh
      AND pcbc.DangHienHanh = 1
    ORDER BY pcbc.ThoiGianBatDauSuDung DESC
) bc
WHERE lt.TrangThaiHienTai <> ?
 ORDER BY lt.NgayBay DESC,
          COALESCE(lt.GioUocTinhKhoiHanh, lt.GioDuKienKhoiHanh) DESC
]
2026-05-31T18:28:20.449+07:00 DEBUG 3972 --- [nio-8080-exec-8] m.m.a.RequestResponseBodyMethodProcessor : Using 'application/json', given [*/*] and supported [application/json, application/*+json]
2026-05-31T18:28:20.450+07:00 DEBUG 3972 --- [nio-8080-exec-8] m.m.a.RequestResponseBodyMethodProcessor : Writing [[CustomerFlightDto[id=LT005, maLichTrinh=LT005, maChuyenBay=CB005, flightNo=KE462, airline=Korean Ai (truncated)...]
2026-05-31T18:28:20.453+07:00 DEBUG 3972 --- [nio-8080-exec-8] o.s.web.servlet.DispatcherServlet        : Completed 200 OK
